Open,High,Low,Close,Adj Close,Volume,Dividends,Stock Splits
51200.0,51480.0,50900.0,51220.0,44442.80078125,11838800,0.0,0.0
50440.0,50640.0,49780.0,49800.0,43210.69140625,12284550,0.0,0.0
50020.0,54140.0,49600.0,49900.0,43297.45703125,64681300,0.0,0.0
50620.0,50960.0,49720.0,49820.0,43228.04296875,27609450,0.0,0.0
49380.0,49400.0,47700.0,47700.0,41388.55078125,29260350,0.0,0.0
46500.0,48320.0,46000.0,47920.0,41579.44140625,28357900,0.0,0.0
46600.0,47920.0,46580.0,47420.0,41145.609375,19406450,0.0,0.0
48240.0,48260.0,45800.0,45800.0,39739.953125,23448050,0.0,0.0
46120.0,46620.0,45980.0,46000.0,39913.48046875,23251050,0.0,0.0
44440.0,45180.0,44420.0,44700.0,38785.49609375,17465000,0.0,0.0
45100.0,46320.0,45040.0,45720.0,39670.53515625,15754950,0.0,0.0
46200.0,48060.0,46200.0,47540.0,41249.71875,18923250,0.0,0.0
48080.0,49100.0,47940.0,49000.0,42516.53515625,18905900,0.0,0.0
49800.0,49800.0,47860.0,48380.0,41978.57421875,15353450,0.0,0.0
48040.0,48160.0,47220.0,47400.0,41128.2421875,10122600,0.0,0.0
47280.0,47580.0,46840.0,47280.0,41024.1328125,12880200,0.0,0.0
47260.0,47260.0,46760.0,46760.0,40572.93359375,8869950,0.0,0.0
46760.0,47800.0,46760.0,47220.0,40972.06640625,12423300,0.0,0.0
47280.0,47560.0,47080.0,47380.0,41110.890625,9560650,0.0,0.0
48360.0,48380.0,47380.0,47380.0,41110.890625,9830550,0.0,0.0
47380.0,48100.0,47000.0,47060.0,40833.23046875,15162350,0.0,0.0
46580.0,46800.0,46000.0,46020.0,39930.83984375,13265500,0.0,0.0
45820.0,46160.0,45080.0,45200.0,39219.33984375,14100950,0.0,0.0
45920.0,47100.0,45820.0,47020.0,40798.53125,15423350,0.0,0.0
48200.0,48900.0,47220.0,48620.0,42186.82421875,21427050,0.0,0.0
49200.0,49480.0,48080.0,49200.0,42690.08203125,19463650,0.0,0.0
49440.0,50540.0,49240.0,49740.0,43158.625,14304400,0.0,0.0
50560.0,50780.0,49580.0,49740.0,43158.625,8688950,0.0,0.0
50760.0,51660.0,50360.0,51660.0,44824.58203125,20098700,0.0,0.0
51020.0,52000.0,51000.0,51760.0,44911.34765625,12713250,0.0,0.0
52000.0,52020.0,51020.0,51540.0,44720.45703125,8882450,0.0,0.0
51220.0,51420.0,50240.0,51140.0,44373.375,12184900,0.0,0.0
50620.0,51340.0,50440.0,50740.0,44026.30859375,8218850,0.0,0.0
50700.0,51200.0,50100.0,51200.0,44425.44921875,8193250,0.0,0.0
51780.0,51780.0,51060.0,51060.0,44303.96875,8905200,0.0,0.0
51060.0,51780.0,51040.0,51780.0,44928.7109375,8454100,0.0,0.0
50340.0,50720.0,49600.0,49720.0,43141.265625,14854950,0.0,0.0
49420.0,50280.0,49040.0,50280.0,43627.1796875,10057750,0.0,0.0
50320.0,50460.0,49080.0,49980.0,43366.87109375,11874000,0.0,0.0
49100.0,49100.0,48340.0,48700.0,42256.234375,15159450,0.0,0.0
48700.0,49560.0,48320.0,49040.0,42862.8125,10067000,354.0,0.0
49080.0,49900.0,49080.0,49220.0,43020.140625,7777100,0.0,0.0
49000.0,49220.0,48500.0,48540.0,42425.796875,7115650,0.0,0.0
47880.0,48140.0,47280.0,48120.0,42058.7109375,12768250,0.0,0.0
48160.0,48260.0,46920.0,46920.0,41009.85546875,12384200,0.0,0.0
47400.0,49380.0,47340.0,48740.0,42600.61328125,13245600,0.0,0.0
48000.0,48580.0,47400.0,48400.0,42303.4296875,12532700,0.0,0.0
48260.0,49440.0,48200.0,49200.0,43002.6640625,9950400,0.0,0.0
48540.0,49220.0,48040.0,48880.0,42722.97265625,10984350,0.0,0.0
49900.0,49900.0,48600.0,48860.0,42705.4921875,10051100,0.0,0.0
49440.0,49440.0,48880.0,49000.0,42827.8515625,12466250,0.0,0.0
49600.0,50180.0,49400.0,49800.0,43527.08984375,10278300,0.0,0.0
50320.0,50600.0,49860.0,50340.0,43999.0625,7877450,0.0,0.0
50240.0,50540.0,49820.0,49980.0,43684.41015625,7772000,0.0,0.0
51000.0,51360.0,50580.0,51360.0,44890.58984375,13462600,0.0,0.0
52000.0,52980.0,51540.0,52780.0,46131.72265625,17190550,0.0,0.0
51800.0,52260.0,51420.0,51620.0,45117.83203125,11761000,0.0,0.0
51000.0,52080.0,51000.0,51900.0,45362.5703125,11619000,0.0,0.0
51840.0,51860.0,50080.0,50460.0,44103.953125,15770300,0.0,0.0
49220.0,50500.0,49220.0,50400.0,44051.50390625,16614600,0.0,0.0
50420.0,52160.0,50400.0,52140.0,45572.3359375,18046550,0.0,0.0
53380.0,53640.0,52440.0,53000.0,46324.01171875,30310800,0.0,0.0
53000.0,53000.0,53000.0,53000.0,46324.01171875,0,0.0,0.0
53000.0,53000.0,53000.0,53000.0,46324.01171875,0,0.0,0.0
53000.0,53000.0,53000.0,53000.0,46324.01171875,0,0.0,0.0
53000.0,53900.0,51800.0,51900.0,45362.5703125,39565391,0.0,50.0
52600.0,53200.0,51900.0,52600.0,45974.39453125,23104720,0.0,0.0
52600.0,52800.0,50900.0,50900.0,44488.53125,16128305,0.0,0.0
51700.0,51700.0,50600.0,51600.0,45100.35546875,13905263,0.0,0.0
52000.0,52200.0,51200.0,51300.0,44838.14453125,10314997,0.0,0.0
51000.0,51100.0,49900.0,50100.0,43789.3046875,14909272,0.0,0.0
50200.0,50400.0,49100.0,49200.0,43002.6640625,18709146,0.0,0.0
49200.0,50200.0,49150.0,49850.0,43570.78515625,15918683,0.0,50.0
50300.0,50500.0,49400.0,49400.0,43177.47265625,10365440,0.0,0.0
49900.0,49900.0,49350.0,49500.0,43264.8828125,6706570,0.0,0.0
49650.0,50200.0,49100.0,50000.0,43701.890625,9020998,0.0,0.0
50600.0,52000.0,50400.0,51800.0,45275.1640625,17095490,0.0,0.0
52000.0,52000.0,51100.0,51400.0,44925.55078125,8289275,0.0,0.0
51000.0,52800.0,50800.0,52700.0,46061.80078125,15207266,0.0,0.0
52500.0,53000.0,52000.0,52300.0,45712.18359375,9787820,0.0,0.0
52200.0,52500.0,51300.0,51300.0,44838.14453125,8480437,0.0,0.0
51300.0,51500.0,49100.0,49500.0,43264.8828125,20498098,0.0,0.0
50400.0,50800.0,49850.0,50700.0,44313.72265625,63491109,0.0,0.0
50500.0,51700.0,49950.0,51300.0,44838.14453125,13038499,0.0,0.0
50800.0,51200.0,50700.0,51100.0,44663.3359375,9767171,0.0,0.0
51100.0,51400.0,50400.0,51300.0,44838.14453125,9144100,0.0,0.0
51800.0,51800.0,50500.0,50600.0,44226.3125,13590016,0.0,0.0
50200.0,50400.0,49600.0,49650.0,43395.984375,16951706,0.0,0.0
49750.0,50300.0,49350.0,49900.0,43614.48828125,10571312,0.0,0.0
49700.0,49800.0,49250.0,49400.0,43177.47265625,12110569,0.0,0.0
49000.0,49000.0,48200.0,48200.0,42128.625,20971729,0.0,0.0
48500.0,48700.0,47650.0,47650.0,41647.91015625,17080892,0.0,0.0
47600.0,47650.0,46200.0,46600.0,40730.16015625,16661870,0.0,0.0
47200.0,47350.0,46500.0,47000.0,41079.78125,15217971,0.0,0.0
47450.0,47600.0,46850.0,47000.0,41079.78125,12959316,0.0,0.0
47900.0,47900.0,47050.0,47050.0,41123.48046875,10015541,0.0,0.0
47000.0,47250.0,46200.0,47250.0,41298.296875,10298006,0.0,0.0
47050.0,47050.0,46150.0,46650.0,40773.87109375,10587711,0.0,0.0
45900.0,47300.0,45900.0,47000.0,41079.78125,11223166,0.0,0.0
47450.0,48500.0,47000.0,47950.0,41910.12109375,15274752,0.0,0.0
46850.0,47150.0,46600.0,46800.0,41209.21484375,12784800,354.0,0.0
46250.0,47150.0,46200.0,46650.0,41077.12890625,14099635,0.0,0.0
46500.0,47150.0,45500.0,45550.0,40108.53125,13112253,0.0,0.0
45750.0,46450.0,45750.0,46150.0,40636.85546875,10959655,0.0,0.0
46700.0,47050.0,46050.0,46250.0,40724.9140625,8776763,0.0,0.0
46100.0,46550.0,45600.0,45950.0,40460.74609375,7039773,0.0,0.0
45500.0,45850.0,44650.0,44900.0,39536.19140625,17843706,0.0,0.0
45500.0,46100.0,45200.0,45600.0,40152.5625,11602464,0.0,0.0
46200.0,46550.0,46100.0,46300.0,40768.9375,10528665,0.0,0.0
46400.0,46450.0,45400.0,46000.0,40504.78125,11224077,0.0,0.0
45900.0,46250.0,45450.0,45500.0,40064.5078125,11828104,0.0,0.0
45800.0,46500.0,45750.0,46500.0,40945.0546875,11543389,0.0,0.0
46800.0,46800.0,46000.0,46050.0,40548.8046875,7678719,0.0,0.0
46150.0,46200.0,45600.0,45850.0,40372.69921875,8892953,0.0,0.0
46700.0,47200.0,46450.0,46550.0,40989.06640625,10952645,0.0,0.0
47050.0,47200.0,46600.0,46900.0,41297.26171875,9880128,0.0,0.0
47000.0,47600.0,46700.0,47450.0,41781.56640625,10474547,0.0,0.0
47100.0,47200.0,46150.0,46500.0,40945.0546875,10823782,0.0,0.0
46350.0,46600.0,45950.0,46150.0,40636.85546875,8261363,0.0,0.0
46250.0,46550.0,45900.0,46150.0,40636.85546875,7222471,0.0,0.0
46100.0,47000.0,46000.0,46900.0,41297.26171875,7374946,0.0,0.0
46450.0,47000.0,46450.0,46900.0,41297.26171875,4762460,0.0,0.0
46550.0,46800.0,46350.0,46500.0,40945.0546875,5723035,0.0,0.0
46200.0,46450.0,46000.0,46250.0,40724.9140625,8033607,0.0,0.0
46050.0,46850.0,46050.0,46550.0,40989.06640625,7484499,0.0,0.0
46550.0,46800.0,45500.0,45550.0,40108.53125,8560924,0.0,0.0
45850.0,45900.0,45450.0,45750.0,40284.63671875,8274944,0.0,0.0
46150.0,46150.0,45750.0,45800.0,40328.671875,6771979,0.0,0.0
46300.0,46750.0,45900.0,46700.0,41121.14453125,9058174,0.0,0.0
47000.0,47000.0,46550.0,46800.0,41209.21484375,6429338,0.0,0.0
47000.0,47050.0,46450.0,46900.0,41297.26171875,12010886,0.0,0.0
46150.0,46400.0,44850.0,45400.0,39976.453125,16670643,0.0,0.0
44950.0,45100.0,44650.0,45050.0,39668.265625,9803831,0.0,0.0
44850.0,45400.0,44850.0,45150.0,39756.3203125,6409259,0.0,0.0
43800.0,44650.0,43700.0,44250.0,38963.83203125,10088229,0.0,0.0
44050.0,44400.0,44050.0,44100.0,38831.75390625,6808747,0.0,0.0
43500.0,44200.0,43500.0,43850.0,38611.62109375,7289124,0.0,0.0
43700.0,44900.0,43700.0,44800.0,39448.1328125,9520270,0.0,0.0
45150.0,46200.0,44900.0,46100.0,40592.83984375,11641656,0.0,0.0
46150.0,46200.0,45700.0,46200.0,40680.8828125,6730918,0.0,0.0
45900.0,46400.0,45550.0,46150.0,40636.85546875,6582535,0.0,0.0
46100.0,46550.0,46000.0,46300.0,40768.9375,5263782,0.0,0.0
46800.0,46950.0,46300.0,46550.0,40989.06640625,7365976,0.0,0.0
46750.0,46800.0,46400.0,46800.0,41209.21484375,5572374,0.0,0.0
46950.0,47950.0,46700.0,47650.0,41957.67578125,12193231,0.0,0.0
47100.0,48450.0,47000.0,48450.0,42662.09765625,13577454,0.0,0.0
48200.0,48300.0,47300.0,47450.0,41781.56640625,8595084,0.0,0.0
47550.0,47800.0,47200.0,47650.0,41957.67578125,6791255,0.0,0.0
47300.0,47450.0,46400.0,46600.0,41033.09375,9139998,0.0,0.0
46200.0,46400.0,45800.0,46100.0,40592.83984375,9040553,0.0,0.0
44500.0,45200.0,44400.0,44900.0,39536.19140625,18285508,0.0,0.0
45450.0,45550.0,45000.0,45500.0,40064.5078125,9979838,0.0,0.0
45550.0,45900.0,45050.0,45050.0,39668.265625,9865790,0.0,0.0
44900.0,45100.0,44500.0,44550.0,39227.9921875,12995269,0.0,0.0
44550.0,44750.0,44000.0,44050.0,38787.7265625,18277942,0.0,0.0
45000.0,45850.0,44900.0,45850.0,40372.69921875,12446344,0.0,0.0
45550.0,45800.0,44900.0,45150.0,39756.3203125,8123384,0.0,0.0
44950.0,45900.0,44700.0,45500.0,40064.5078125,9987090,0.0,0.0
46000.0,46200.0,45700.0,46150.0,40636.85546875,9367454,0.0,0.0
46850.0,47600.0,46400.0,47250.0,41605.453125,13536966,0.0,0.0
46550.0,47550.0,46550.0,47400.0,41737.52734375,14476906,0.0,0.0
46950.0,47500.0,46450.0,47500.0,42140.30859375,15804586,354.0,0.0
47250.0,47250.0,46300.0,46450.0,41208.77734375,11270515,0.0,0.0
46450.0,46800.0,45800.0,46350.0,41120.06640625,6354983,0.0,0.0
46450.0,46700.0,45700.0,45700.0,40543.40625,6607188,0.0,0.0
45150.0,45600.0,44700.0,44700.0,39656.23828125,11865327,0.0,0.0
44800.0,45500.0,44550.0,44700.0,39656.23828125,10544165,0.0,0.0
44200.0,45200.0,44200.0,44950.0,39878.03515625,6759464,0.0,0.0
45250.0,45500.0,44500.0,45300.0,40188.5390625,10341349,0.0,0.0
44000.0,44650.0,43100.0,43100.0,38236.78515625,19324537,0.0,0.0
43200.0,44650.0,43200.0,44000.0,39035.22265625,12640906,0.0,0.0
44050.0,44050.0,43350.0,43800.0,38857.79296875,7434522,0.0,0.0
43700.0,44150.0,43350.0,43600.0,38680.359375,6825677,0.0,0.0
44150.0,44500.0,44000.0,44150.0,39168.30078125,8306193,0.0,0.0
43950.0,44450.0,43700.0,44050.0,39079.58984375,8347725,0.0,0.0
43900.0,44150.0,43450.0,43900.0,38946.51171875,7842520,0.0,0.0
43450.0,43950.0,43200.0,43550.0,38636.0078125,8357648,0.0,0.0
43300.0,43450.0,42550.0,43050.0,38192.421875,9531231,0.0,0.0
43050.0,43100.0,42250.0,42550.0,37748.83984375,13522825,0.0,0.0
40600.0,41550.0,40550.0,41000.0,36373.734375,19338170,0.0,0.0
41100.0,41300.0,40400.0,41000.0,36373.734375,14413864,0.0,0.0
40850.0,41950.0,40550.0,41400.0,36728.59765625,14460521,0.0,0.0
41400.0,43000.0,41000.0,42350.0,37571.41015625,14205190,0.0,0.0
42900.0,43350.0,41700.0,42400.0,37615.76171875,17621480,0.0,0.0
42450.0,42950.0,42150.0,42150.0,37393.9765625,13423132,0.0,0.0
43050.0,44250.0,42800.0,44150.0,39168.30078125,16517112,0.0,0.0
43750.0,43800.0,42900.0,43800.0,38857.79296875,9426777,0.0,0.0
43750.0,43800.0,42950.0,43750.0,38813.43359375,7713625,0.0,0.0
43600.0,44500.0,43400.0,44000.0,39035.22265625,11553998,0.0,0.0
44900.0,45050.0,44050.0,44050.0,39079.58984375,12617397,0.0,0.0
44450.0,44850.0,43900.0,44300.0,39301.375,7318500,0.0,0.0
43850.0,45250.0,43700.0,45200.0,40099.81640625,8552566,0.0,0.0
43900.0,44500.0,43400.0,44500.0,39478.8203125,9311126,0.0,0.0
44500.0,44500.0,43800.0,44100.0,39123.953125,6783344,0.0,0.0
44050.0,44350.0,43500.0,44250.0,39257.0234375,5864067,0.0,0.0
44600.0,44750.0,43700.0,44000.0,39035.22265625,7777124,0.0,0.0
44050.0,44250.0,43450.0,43650.0,38724.72265625,7538720,0.0,0.0
42450.0,43000.0,42100.0,42800.0,37970.63671875,9420664,0.0,0.0
41800.0,42300.0,41800.0,42100.0,37349.6171875,10769589,0.0,0.0
42000.0,42650.0,42000.0,42450.0,37660.12109375,5970796,0.0,0.0
42450.0,42600.0,41900.0,42400.0,37615.76171875,5192638,0.0,0.0
42150.0,42800.0,42100.0,42600.0,37793.203125,6613009,0.0,0.0
42900.0,43100.0,42500.0,43050.0,38192.421875,8367091,0.0,0.0
42800.0,43200.0,42750.0,43150.0,38281.140625,6943099,0.0,0.0
43850.0,43850.0,42900.0,43150.0,38281.140625,8473511,0.0,0.0
43450.0,44000.0,41750.0,41850.0,37127.83203125,19775519,0.0,0.0
42750.0,43400.0,42400.0,43250.0,38369.859375,12110702,0.0,0.0
42650.0,42900.0,41900.0,42150.0,37393.9765625,14347746,0.0,0.0
40900.0,41750.0,40850.0,41450.0,36772.96484375,12631983,0.0,0.0
40600.0,41100.0,40450.0,40500.0,35930.16015625,14251826,0.0,0.0
40900.0,41400.0,40850.0,40950.0,36329.37109375,11433083,0.0,0.0
40450.0,40650.0,40000.0,40200.0,35664.00390625,14892263,0.0,0.0
40600.0,40700.0,40200.0,40250.0,35708.35546875,10638766,0.0,0.0
40250.0,40700.0,40150.0,40450.0,35885.80078125,12024279,0.0,0.0
40650.0,40750.0,40000.0,40000.0,35486.56640625,26254646,0.0,0.0
40200.0,40200.0,38700.0,38950.0,34555.05078125,19671783,0.0,0.0
38650.0,39600.0,38650.0,39150.0,34732.484375,11532968,0.0,0.0
38300.0,39200.0,38300.0,38900.0,34510.6875,11042101,0.0,0.0
38900.0,39350.0,38850.0,39100.0,34688.125,9942037,0.0,0.0
38600.0,39100.0,38500.0,38650.0,34288.89453125,11937617,0.0,0.0
38200.0,38650.0,38100.0,38650.0,34288.89453125,14947080,0.0,0.0
38500.0,39050.0,38300.0,38800.0,34421.9765625,9729530,0.0,0.0
38400.0,38750.0,38300.0,38350.0,34022.74609375,12707675,0.0,0.0
38700.0,38800.0,38100.0,38250.0,34250.1875,10510643,354.0,0.0
38250.0,38900.0,38200.0,38700.0,34653.125,9900267,0.0,0.0
39400.0,39400.0,38550.0,38750.0,34697.90625,7847664,0.0,0.0
38300.0,38550.0,37450.0,37600.0,33668.15625,12471493,0.0,0.0
37450.0,37600.0,36850.0,37450.0,33533.84375,14108958,0.0,0.0
38000.0,38900.0,37800.0,38750.0,34697.90625,12748997,0.0,0.0
38000.0,39200.0,37950.0,38100.0,34115.87890625,12756554,0.0,0.0
38650.0,39600.0,38300.0,39600.0,35459.01953125,17452708,0.0,0.0
40000.0,40150.0,39600.0,39800.0,35638.109375,14731699,0.0,0.0
40350.0,40550.0,39950.0,40500.0,36264.91015625,11661063,0.0,0.0
40450.0,40700.0,39850.0,40050.0,35861.96484375,11984996,0.0,0.0
40050.0,41100.0,39850.0,41100.0,36802.16796875,11492756,0.0,0.0
41150.0,41450.0,40700.0,41450.0,37115.56640625,8491595,0.0,0.0
41700.0,42100.0,41450.0,41950.0,37563.28125,11736903,0.0,0.0
42000.0,42400.0,41950.0,42300.0,37876.67578125,11029256,0.0,0.0
42700.0,42750.0,41900.0,42750.0,38279.625,11355701,0.0,0.0
42750.0,42850.0,41850.0,42150.0,37742.36328125,9964356,0.0,0.0
41350.0,42250.0,41350.0,42000.0,37608.04296875,11071079,0.0,0.0
43050.0,43100.0,42350.0,43050.0,38548.24609375,14747623,0.0,0.0
44300.0,44750.0,43750.0,44750.0,40070.484375,22789395,0.0,0.0
45000.0,45500.0,44600.0,45050.0,40339.1171875,17998914,0.0,0.0
45050.0,45500.0,44350.0,45500.0,40742.05859375,16215017,0.0,0.0
44800.0,46400.0,44800.0,46400.0,41547.93359375,17505980,0.0,0.0
46650.0,47050.0,46150.0,46150.0,41324.08203125,21621145,0.0,0.0
46650.0,46950.0,46250.0,46350.0,41503.171875,13832454,0.0,0.0
46800.0,47100.0,46200.0,46200.0,41368.8515625,15872001,0.0,0.0
45700.0,45700.0,44650.0,44800.0,40115.25390625,12689196,0.0,0.0
44500.0,45000.0,44250.0,45000.0,40294.3359375,11125044,0.0,0.0
44650.0,46250.0,44650.0,46050.0,41234.5390625,13184367,0.0,0.0
46400.0,46700.0,46000.0,46200.0,41368.8515625,11299738,0.0,0.0
46600.0,47500.0,46150.0,47500.0,42532.91796875,17259341,0.0,0.0
46750.0,46850.0,45650.0,46050.0,41234.5390625,10554643,0.0,0.0
46500.0,46850.0,45850.0,46200.0,41368.8515625,8183728,0.0,0.0
45850.0,46150.0,45450.0,45950.0,41145.0,6741395,0.0,0.0
46750.0,47100.0,46500.0,46900.0,41995.6640625,11506720,0.0,0.0
46500.0,47200.0,46200.0,46950.0,42040.4296875,8694009,0.0,0.0
46500.0,47150.0,46450.0,47150.0,42219.515625,6895772,0.0,0.0
47400.0,47550.0,47050.0,47350.0,42398.60546875,7484716,0.0,0.0
47350.0,47450.0,46500.0,46750.0,41861.33984375,7985547,0.0,0.0
47000.0,47250.0,46750.0,46750.0,41861.33984375,8045211,0.0,0.0
46400.0,46500.0,45100.0,45100.0,40383.88671875,23569321,0.0,0.0
46000.0,46100.0,44800.0,44850.0,40160.0234375,12926539,0.0,0.0
44600.0,45100.0,44150.0,44250.0,39622.76953125,10612405,0.0,0.0
44000.0,44300.0,43700.0,44000.0,39398.9140625,10202544,0.0,0.0
43400.0,44950.0,43400.0,44450.0,39801.8515625,11049749,0.0,0.0
44450.0,44800.0,43800.0,43800.0,39219.83203125,7729069,0.0,0.0
44400.0,44450.0,43650.0,43650.0,39085.515625,10717408,0.0,0.0
44300.0,44950.0,44150.0,44650.0,39980.94140625,11431977,0.0,0.0
44250.0,44450.0,43700.0,43850.0,39264.59375,8108343,0.0,0.0
43700.0,44300.0,43550.0,43850.0,39264.59375,18039161,0.0,0.0
43800.0,44250.0,43700.0,44200.0,39578.00390625,16814163,0.0,0.0
43950.0,44150.0,43450.0,43700.0,39130.28515625,8188876,0.0,0.0
43750.0,43900.0,43550.0,43900.0,39309.36328125,7609563,0.0,0.0
43800.0,44200.0,43100.0,44050.0,39443.68359375,9846242,0.0,0.0
44600.0,46250.0,44050.0,45850.0,41055.45703125,21138016,0.0,0.0
46850.0,47000.0,46250.0,46550.0,41682.26171875,12535911,0.0,0.0
45300.0,45650.0,44800.0,45500.0,40742.05859375,8699728,0.0,0.0
45500.0,45700.0,44900.0,45250.0,40518.203125,9729811,0.0,0.0
44750.0,45600.0,44250.0,45350.0,40607.7421875,9568081,0.0,0.0
44950.0,45200.0,44300.0,44850.0,40475.9765625,6821306,354.0,0.0
44500.0,44900.0,44200.0,44650.0,40295.484375,11491713,0.0,0.0
45200.0,45450.0,44850.0,45050.0,40656.4765625,7362129,0.0,0.0
45550.0,46100.0,45350.0,45750.0,41288.2109375,9480688,0.0,0.0
46750.0,46750.0,45800.0,46600.0,42055.30859375,12436570,0.0,0.0
46150.0,47100.0,46150.0,46950.0,42371.1796875,12650168,0.0,0.0
46950.0,47550.0,46600.0,46850.0,42280.93359375,8546339,0.0,0.0
47250.0,47250.0,46150.0,46650.0,42100.4375,8507909,0.0,0.0
46700.0,46950.0,46200.0,46650.0,42100.4375,6878761,0.0,0.0
46400.0,46700.0,46050.0,46700.0,42145.5546875,11883995,0.0,0.0
46700.0,46800.0,46150.0,46250.0,41739.4453125,13697399,0.0,0.0
46050.0,46900.0,46000.0,46850.0,42280.93359375,7668936,0.0,0.0
47150.0,47500.0,47000.0,47050.0,42461.41796875,8733019,0.0,0.0
47400.0,47400.0,46800.0,47250.0,42641.92578125,7730881,0.0,0.0
47300.0,47600.0,47000.0,47050.0,42461.41796875,5513658,0.0,0.0
47200.0,47250.0,45500.0,45600.0,41152.8359375,12808747,0.0,0.0
45750.0,46000.0,45250.0,45300.0,40882.09765625,8479710,0.0,0.0
45400.0,45900.0,45100.0,45350.0,40927.21875,6006957,0.0,0.0
45050.0,45500.0,45000.0,45200.0,40791.84375,6920566,0.0,0.0
45400.0,45650.0,44150.0,44750.0,40385.734375,13299267,0.0,0.0
44250.0,45000.0,44100.0,44650.0,40295.484375,10868965,0.0,0.0
44200.0,45000.0,43800.0,44850.0,40475.9765625,9739982,0.0,0.0
45150.0,46150.0,45100.0,46150.0,41649.19921875,8777517,0.0,0.0
46000.0,46300.0,45350.0,45850.0,41378.453125,11121273,0.0,0.0
45500.0,46150.0,45400.0,45900.0,41423.578125,8625126,0.0,0.0
45900.0,46050.0,45300.0,45300.0,40882.09765625,6562916,0.0,0.0
45250.0,45300.0,44400.0,44850.0,40475.9765625,12014907,0.0,0.0
44300.0,44850.0,44200.0,44250.0,39934.5,10398754,0.0,0.0
43900.0,44250.0,42450.0,42450.0,38310.04296875,23029718,0.0,0.0
42600.0,43450.0,42450.0,42900.0,38716.15625,14579512,0.0,0.0
42500.0,43200.0,42350.0,42650.0,38490.5390625,7635079,0.0,0.0
41300.0,43100.0,41300.0,42650.0,38490.5390625,11563730,0.0,0.0
42700.0,43050.0,42550.0,42550.0,38400.29296875,7670185,0.0,0.0
42350.0,42400.0,41350.0,41550.0,37497.81640625,13687828,0.0,0.0
41950.0,42050.0,40850.0,41200.0,37181.953125,13357951,0.0,0.0
41650.0,42100.0,41550.0,42000.0,37903.921875,15752397,0.0,0.0
42600.0,43950.0,42350.0,43150.0,38941.7734375,18812133,0.0,0.0
43700.0,43800.0,42400.0,43500.0,39257.640625,11033339,0.0,0.0
43900.0,44000.0,43250.0,43850.0,39573.50390625,12259006,0.0,0.0
43800.0,43800.0,42400.0,42700.0,38535.66015625,13966305,0.0,0.0
42500.0,43000.0,42350.0,42650.0,38490.5390625,8066669,0.0,0.0
42550.0,42950.0,42150.0,42550.0,38400.29296875,24506881,0.0,0.0
41850.0,42100.0,41300.0,41800.0,37723.43359375,14930618,0.0,0.0
42200.0,42700.0,42150.0,42550.0,38400.29296875,11766018,0.0,0.0
42600.0,42800.0,42150.0,42500.0,38355.16796875,11365999,0.0,0.0
42950.0,43900.0,42500.0,43800.0,39528.38671875,15466580,0.0,0.0
43400.0,43700.0,43000.0,43450.0,39212.51171875,9913497,0.0,0.0
44050.0,44200.0,43700.0,43900.0,39618.62890625,12464135,0.0,0.0
43600.0,44350.0,43450.0,44200.0,39889.375,11683682,0.0,0.0
44300.0,44850.0,44050.0,44800.0,40430.85546875,8792182,0.0,0.0
44800.0,45000.0,44550.0,44850.0,40475.9765625,6664872,0.0,0.0
44800.0,45050.0,44300.0,44600.0,40250.35546875,8607439,0.0,0.0
44200.0,44400.0,43400.0,43750.0,39483.2578125,16906541,0.0,0.0
43750.0,44150.0,43300.0,44000.0,39708.875,9322873,0.0,0.0
43750.0,44050.0,43400.0,43900.0,39618.62890625,11890424,0.0,0.0
43750.0,44500.0,43650.0,44350.0,40024.75,7994928,0.0,0.0
45450.0,45450.0,45000.0,45350.0,40927.21875,10417690,0.0,0.0
44850.0,45500.0,44850.0,45500.0,41062.58984375,7147785,0.0,0.0
45750.0,45800.0,45200.0,45700.0,41243.08203125,9454913,0.0,0.0
45200.0,45800.0,45200.0,45500.0,41062.58984375,6085066,0.0,0.0
45200.0,45800.0,45200.0,45600.0,41152.8359375,7076774,0.0,0.0
45800.0,46000.0,45600.0,45700.0,41243.08203125,9226097,0.0,0.0
46000.0,46600.0,45750.0,46500.0,42292.66796875,12603534,354.0,0.0
47000.0,47000.0,46700.0,47000.0,42747.4296875,12949231,0.0,0.0
47350.0,47400.0,46250.0,46600.0,42383.62109375,11383522,0.0,0.0
46200.0,46900.0,45850.0,46250.0,42065.2890625,8463073,0.0,0.0
45750.0,46350.0,45200.0,45400.0,41292.1953125,9669368,0.0,0.0
45250.0,46200.0,45250.0,46000.0,41837.90234375,6365573,0.0,0.0
45950.0,45950.0,45250.0,45650.0,41519.578125,7235395,0.0,0.0
44750.0,44800.0,44350.0,44400.0,40382.67578125,7823843,0.0,0.0
44850.0,45450.0,44700.0,45100.0,41019.34375,7646421,0.0,0.0
45550.0,46150.0,45500.0,45550.0,41428.62109375,9253930,0.0,0.0
46350.0,46550.0,46150.0,46200.0,42019.81640625,10989751,0.0,0.0
46350.0,46400.0,45800.0,46300.0,42110.765625,5245804,0.0,0.0
45950.0,46650.0,45750.0,46450.0,42247.1875,4717226,0.0,0.0
46450.0,46850.0,46300.0,46850.0,42611.0,7407824,0.0,0.0
46150.0,46350.0,45950.0,46050.0,41883.38671875,5216602,0.0,0.0
46450.0,46450.0,45650.0,46100.0,41928.859375,5143554,0.0,0.0
46650.0,46950.0,46600.0,46800.0,42565.52734375,8819393,0.0,0.0
46800.0,47300.0,46600.0,47200.0,42929.328125,9009109,0.0,0.0
47350.0,47550.0,47050.0,47300.0,43020.2890625,9061381,0.0,0.0
47100.0,47150.0,46250.0,46400.0,42201.7109375,8756522,0.0,0.0
47150.0,47200.0,46600.0,47200.0,42929.328125,8408838,0.0,0.0
46650.0,47150.0,46550.0,47150.0,42883.85546875,7873886,0.0,0.0
46800.0,47050.0,46000.0,46100.0,41928.859375,6856846,0.0,0.0
46300.0,46850.0,46300.0,46550.0,42338.140625,5551014,0.0,0.0
46200.0,46600.0,45000.0,45350.0,41246.72265625,12872916,0.0,0.0
44900.0,45500.0,44850.0,45200.0,41110.29296875,7811181,0.0,0.0
44550.0,45500.0,44300.0,44950.0,40882.9140625,12151374,0.0,0.0
44350.0,44600.0,43600.0,43950.0,39973.38671875,14214086,0.0,0.0
42500.0,43800.0,42500.0,43500.0,39564.109375,15083824,0.0,0.0
43600.0,43900.0,43100.0,43200.0,39291.25390625,10002533,0.0,0.0
43250.0,43500.0,42650.0,42650.0,38791.01953125,16926881,0.0,0.0
43250.0,43350.0,43050.0,43150.0,39245.77734375,9685147,0.0,0.0
44000.0,44000.0,43550.0,43700.0,39746.01171875,8466169,0.0,0.0
43500.0,43500.0,42950.0,43000.0,39109.34375,7276979,0.0,0.0
43900.0,44250.0,43500.0,43700.0,39746.01171875,8750135,0.0,0.0
43800.0,43900.0,43300.0,43900.0,39927.921875,9528115,0.0,0.0
44350.0,44350.0,43500.0,43600.0,39655.06640625,6014218,0.0,0.0
43950.0,44600.0,43550.0,44450.0,40428.15234375,8434205,0.0,0.0
44350.0,44800.0,44150.0,44500.0,40473.62890625,6571717,0.0,0.0
44500.0,44700.0,43850.0,44050.0,40064.3515625,8061177,0.0,0.0
43800.0,44200.0,43650.0,43950.0,39973.38671875,5017381,0.0,0.0
43050.0,43800.0,42950.0,43600.0,39655.06640625,7954949,0.0,0.0
43650.0,44200.0,43600.0,44050.0,40064.3515625,16883932,0.0,0.0
44100.0,44400.0,43750.0,44150.0,40155.296875,5758333,0.0,0.0
44200.0,44200.0,43050.0,43400.0,39473.16015625,10768862,0.0,0.0
43750.0,44300.0,43750.0,44000.0,40018.8671875,9899073,0.0,0.0
44850.0,44850.0,43650.0,43800.0,39836.97265625,7185537,0.0,0.0
43550.0,43650.0,43100.0,43250.0,39336.734375,9774941,0.0,0.0
43250.0,44100.0,43150.0,44100.0,40109.82421875,12441837,0.0,0.0
44800.0,46100.0,44450.0,45700.0,41565.046875,18297430,0.0,0.0
46500.0,46500.0,45850.0,46300.0,42110.765625,9896562,0.0,0.0
46450.0,47000.0,46300.0,46900.0,42656.4765625,9434157,0.0,0.0
47100.0,47200.0,46550.0,47000.0,42747.4296875,9231792,0.0,0.0
47300.0,47400.0,46800.0,47150.0,42883.85546875,16141619,0.0,0.0
47000.0,47100.0,46400.0,47100.0,42838.38671875,15550926,0.0,0.0
47000.0,47100.0,46800.0,46900.0,42656.4765625,7006280,0.0,0.0
46900.0,47700.0,46800.0,47700.0,43384.08984375,10413027,0.0,0.0
48050.0,49200.0,47850.0,49150.0,44702.89453125,16461413,0.0,0.0
49400.0,49600.0,49100.0,49200.0,44748.3671875,15460210,0.0,0.0
49250.0,49300.0,49000.0,49300.0,44839.32421875,7568553,0.0,0.0
49050.0,49650.0,48850.0,49500.0,45021.2265625,7871955,0.0,0.0
49200.0,49350.0,48800.0,48900.0,44475.51953125,9187141,0.0,0.0
49000.0,49250.0,48900.0,49200.0,44748.3671875,8494756,0.0,0.0
48000.0,48700.0,48000.0,48400.0,44339.78515625,8048041,354.0,0.0
48050.0,49250.0,47900.0,49050.0,44935.25390625,9497119,0.0,0.0
48900.0,49100.0,48650.0,48850.0,44752.0390625,6206035,0.0,0.0
48350.0,48400.0,47600.0,47600.0,43606.8984375,8382463,0.0,0.0
47400.0,48650.0,47350.0,48000.0,43973.34375,9331695,0.0,0.0
48350.0,48700.0,47650.0,47750.0,43744.30859375,7047273,0.0,0.0
47900.0,49000.0,47600.0,48900.0,44797.84375,14239367,0.0,0.0
48200.0,49200.0,48000.0,48550.0,44477.20703125,18639855,0.0,0.0
49000.0,49450.0,48800.0,49150.0,45026.8671875,7783275,0.0,0.0
50000.0,50300.0,49850.0,50000.0,45805.5625,11130635,0.0,0.0
49900.0,50200.0,49900.0,50100.0,45897.1796875,6058105,0.0,0.0
50700.0,50900.0,50400.0,50700.0,46446.83984375,9136282,0.0,0.0
50500.0,50600.0,50100.0,50500.0,46263.6171875,6701380,0.0,0.0
50300.0,50900.0,49650.0,49900.0,45713.94921875,8483106,0.0,0.0
49900.0,50400.0,49800.0,50300.0,46080.40234375,4406531,0.0,0.0
50800.0,51500.0,50700.0,51200.0,46904.8984375,10898729,0.0,0.0
51300.0,51500.0,50800.0,51200.0,46904.8984375,8663880,0.0,0.0
52500.0,52500.0,50500.0,50700.0,46446.83984375,21185785,0.0,0.0
50800.0,51200.0,50500.0,50900.0,46630.06640625,7879897,0.0,0.0
50700.0,51500.0,50700.0,51300.0,46996.5078125,6431522,0.0,0.0
51400.0,51700.0,50800.0,51100.0,46813.28125,7581629,0.0,0.0
50700.0,50800.0,50200.0,50400.0,46172.01171875,8959435,0.0,0.0
51000.0,51400.0,50300.0,50400.0,46172.01171875,10304777,0.0,0.0
50600.0,51200.0,50400.0,51200.0,46904.8984375,8467846,0.0,0.0
51700.0,52300.0,51400.0,52300.0,47912.6171875,13012411,0.0,0.0
52400.0,52700.0,52100.0,52700.0,48279.0703125,10581034,0.0,0.0
52900.0,53500.0,52700.0,53300.0,48828.73046875,14361133,0.0,0.0
53400.0,53400.0,52400.0,52900.0,48462.28515625,9257116,0.0,0.0
53200.0,53300.0,52000.0,52100.0,47729.3984375,11603290,0.0,0.0
52200.0,52200.0,51400.0,51600.0,47271.34375,8185952,0.0,0.0
51800.0,52600.0,51600.0,52600.0,48187.453125,6576148,0.0,0.0
52500.0,52500.0,52000.0,52500.0,48095.83984375,6225196,0.0,0.0
51900.0,52800.0,51900.0,52800.0,48370.67578125,12010018,0.0,0.0
52900.0,53700.0,52600.0,53700.0,49195.171875,9703360,0.0,0.0
53600.0,53800.0,53200.0,53500.0,49011.94921875,7746554,0.0,0.0
53200.0,53500.0,52700.0,53500.0,49011.94921875,8907177,0.0,0.0
53400.0,53400.0,52000.0,52000.0,47637.78515625,12560070,0.0,0.0
51600.0,52100.0,50600.0,51000.0,46721.67578125,14298646,0.0,0.0
51000.0,51600.0,50900.0,51600.0,47271.34375,8478310,0.0,0.0
52200.0,52600.0,51700.0,51800.0,47454.56640625,9050625,0.0,0.0
51900.0,52900.0,51800.0,51800.0,47454.56640625,27372226,0.0,0.0
51800.0,52300.0,51600.0,52200.0,47821.0078125,7546261,0.0,0.0
51900.0,52100.0,51300.0,51300.0,46996.5078125,6833885,0.0,0.0
51200.0,51400.0,50200.0,50300.0,46080.40234375,11179334,0.0,0.0
50900.0,51300.0,50400.0,50400.0,46172.01171875,18877252,0.0,0.0
49800.0,50300.0,49500.0,49900.0,45713.94921875,12059812,0.0,0.0
49600.0,49850.0,49000.0,49450.0,45301.70703125,13246549,0.0,0.0
50200.0,50400.0,49500.0,49500.0,45347.5078125,10449715,0.0,0.0
50100.0,50900.0,49950.0,50400.0,46172.01171875,11414563,0.0,0.0
50900.0,51400.0,50700.0,51200.0,46904.8984375,8470627,0.0,0.0
51000.0,51600.0,50700.0,51500.0,47179.73828125,6882771,0.0,0.0
51500.0,52200.0,51400.0,51900.0,47546.17578125,11379521,0.0,0.0
53000.0,53300.0,52700.0,53300.0,48828.73046875,29178697,0.0,0.0
54500.0,54800.0,53900.0,54700.0,50111.28515625,18120261,0.0,0.0
54500.0,54900.0,54300.0,54700.0,50111.28515625,11512405,0.0,0.0
55800.0,56700.0,55400.0,56700.0,51943.51171875,19358433,0.0,0.0
56700.0,57200.0,56000.0,56300.0,51577.05859375,15558208,0.0,0.0
57000.0,57300.0,55500.0,56000.0,51302.23046875,14180520,0.0,0.0
56100.0,56500.0,55600.0,56000.0,51302.23046875,12095519,0.0,0.0
56100.0,56400.0,55100.0,55500.0,50844.17578125,9839252,0.0,0.0
55600.0,55700.0,54800.0,55000.0,50386.11328125,11868463,0.0,0.0
54700.0,55400.0,54400.0,55400.0,50752.56640625,9645034,0.0,0.0
55700.0,56900.0,55500.0,56500.0,52093.1640625,12313056,354.0,0.0
56200.0,56600.0,55700.0,55800.0,51447.76171875,8356767,0.0,0.0
55500.0,56000.0,55000.0,55200.0,50894.55078125,12993228,0.0,0.0
56000.0,56600.0,54900.0,55500.0,51171.15625,15422255,0.0,0.0
54900.0,55600.0,54600.0,55500.0,51171.15625,10278951,0.0,0.0
55700.0,56400.0,55600.0,55800.0,51447.76171875,10009778,0.0,0.0
56200.0,57400.0,55900.0,56800.0,52369.765625,23501171,0.0,0.0
58400.0,58600.0,57400.0,58600.0,54029.359375,24102579,0.0,0.0
58800.0,59700.0,58300.0,59500.0,54859.1640625,16000170,0.0,0.0
59600.0,60000.0,59100.0,60000.0,55320.16015625,11359139,0.0,0.0
60400.0,61000.0,59900.0,60000.0,55320.16015625,16906295,0.0,0.0
59500.0,59600.0,58900.0,59000.0,54398.1640625,14300928,0.0,0.0
59100.0,60700.0,59000.0,60700.0,55965.56640625,14381774,0.0,0.0
61900.0,62000.0,61000.0,61300.0,56518.765625,16025661,0.0,0.0
62000.0,62800.0,61700.0,62400.0,57532.98046875,12528855,0.0,0.0
62000.0,62400.0,61200.0,61400.0,56610.97265625,11142693,0.0,0.0
60500.0,62600.0,60400.0,62300.0,57440.77734375,15339565,0.0,0.0
61800.0,61800.0,60700.0,60800.0,56057.7734375,14916555,0.0,0.0
59400.0,59400.0,58300.0,58800.0,54213.76953125,23664541,0.0,0.0
59100.0,59700.0,58800.0,59100.0,54490.37109375,16446102,0.0,0.0
58800.0,58800.0,56800.0,57200.0,52738.5546875,20821939,0.0,0.0
57800.0,58400.0,56400.0,56400.0,52000.96484375,19749457,0.0,0.0
55500.0,57400.0,55200.0,57200.0,52738.5546875,23995260,0.0,0.0
57100.0,59000.0,56800.0,58900.0,54305.9609375,21800192,0.0,0.0
60000.0,60200.0,58900.0,59500.0,54859.1640625,19278165,0.0,0.0
60100.0,61100.0,59700.0,61100.0,56334.375,14727159,0.0,0.0
61100.0,61200.0,59700.0,60400.0,55688.96875,16402493,0.0,0.0
59200.0,59800.0,59100.0,59700.0,55043.56640625,13107121,0.0,0.0
59800.0,60700.0,59700.0,59900.0,55227.96875,11071231,0.0,0.0
60300.0,60700.0,59700.0,60500.0,55781.17578125,12904207,0.0,0.0
61200.0,61600.0,60500.0,60700.0,55965.56640625,18449775,0.0,0.0
60900.0,61900.0,60200.0,61800.0,56979.76953125,13276067,0.0,0.0
61600.0,62000.0,61200.0,61500.0,56703.16796875,8740596,0.0,0.0
60800.0,60900.0,59700.0,59800.0,55135.76953125,16674266,0.0,0.0
59800.0,60400.0,59400.0,60200.0,55504.57421875,12951496,0.0,0.0
60700.0,61300.0,59600.0,60000.0,55320.16015625,14591924,0.0,0.0
58800.0,59800.0,58500.0,59200.0,54582.56640625,13777393,0.0,0.0
57400.0,58100.0,56800.0,56800.0,52369.765625,25627537,0.0,0.0
56200.0,58000.0,56200.0,57900.0,53383.96484375,23885408,0.0,0.0
56000.0,57000.0,56000.0,56500.0,52093.1640625,25483102,0.0,0.0
56300.0,56900.0,55500.0,55900.0,51539.953125,23209541,0.0,0.0
55000.0,55500.0,54200.0,54200.0,49972.5546875,30054227,0.0,0.0
54300.0,55500.0,53600.0,55000.0,50710.15234375,30403412,0.0,0.0
56700.0,56900.0,55100.0,55400.0,51078.95703125,30330295,0.0,0.0
54800.0,57600.0,54600.0,57400.0,52922.9609375,24765728,0.0,0.0
57600.0,58000.0,56700.0,57800.0,53291.76171875,21698990,0.0,0.0
56500.0,57200.0,56200.0,56500.0,52093.1640625,18716656,0.0,0.0
56500.0,56500.0,56500.0,56500.0,52093.1640625,0,0.0,0.0
53800.0,54900.0,53700.0,54600.0,50341.35546875,32106554,0.0,0.0
54300.0,54400.0,52000.0,52100.0,48036.34765625,45707281,0.0,0.0
52100.0,52100.0,52100.0,52100.0,48036.34765625,0,0.0,0.0
47450.0,51600.0,46850.0,49950.0,46054.04296875,59462933,0.0,0.0
50100.0,50900.0,48800.0,48900.0,45085.9375,33339821,0.0,0.0
46900.0,49650.0,46700.0,47300.0,43610.734375,51218151,0.0,0.0
47750.0,48350.0,45600.0,45600.0,42043.328125,40152623,0.0,0.0
46400.0,46650.0,42300.0,42950.0,39600.015625,56925513,0.0,0.0
44150.0,45500.0,43550.0,45400.0,41858.92578125,49730008,0.0,0.0
42600.0,43550.0,42400.0,42500.0,39185.1171875,41701626,0.0,0.0
43850.0,46950.0,43050.0,46950.0,43288.03515625,49801908,0.0,0.0
48950.0,49600.0,47150.0,48650.0,44855.4375,52735922,0.0,0.0
49000.0,49300.0,47700.0,47800.0,44071.73046875,42185129,0.0,0.0
49600.0,49700.0,46850.0,48300.0,44532.734375,39896178,0.0,0.0
47050.0,48350.0,46550.0,47850.0,44443.5703125,26797395,354.0,0.0
48000.0,48500.0,47150.0,47750.0,44350.6796875,30654261,0.0,0.0
47450.0,47900.0,45800.0,45800.0,42539.515625,27259532,0.0,0.0
46200.0,46850.0,45350.0,46800.0,43468.3203125,21621076,0.0,0.0
47400.0,47600.0,46550.0,47000.0,43654.078125,22784682,0.0,0.0
47500.0,48800.0,47250.0,48700.0,45233.06640625,23395726,0.0,0.0
49650.0,50200.0,49000.0,49600.0,46068.98828125,31524034,0.0,0.0
49600.0,49750.0,48600.0,48600.0,45140.1796875,25010314,0.0,0.0
49750.0,49800.0,48700.0,49100.0,45604.578125,22628058,0.0,0.0
48950.0,49250.0,48650.0,49250.0,45743.90234375,17839111,0.0,0.0
48650.0,48900.0,48300.0,48300.0,44861.53125,14431800,0.0,0.0
48800.0,49200.0,48300.0,49000.0,45511.703125,14206216,0.0,0.0
49350.0,49350.0,48550.0,49000.0,45511.703125,23349760,0.0,0.0
50800.0,52000.0,50300.0,51400.0,47740.8515625,32041675,0.0,0.0
51400.0,51400.0,50000.0,50100.0,46533.39453125,21866354,0.0,0.0
49400.0,49700.0,48700.0,49250.0,45743.90234375,27407543,0.0,0.0
48700.0,50000.0,48350.0,49850.0,46301.18359375,18613864,0.0,0.0
50200.0,50300.0,49500.0,49850.0,46301.18359375,18754442,0.0,0.0
49650.0,49750.0,49000.0,49350.0,45836.78515625,15618347,0.0,0.0
49350.0,50000.0,49100.0,49850.0,46301.18359375,14049471,0.0,0.0
49850.0,50100.0,49300.0,50100.0,46533.39453125,16095399,0.0,0.0
49900.0,50500.0,49600.0,50000.0,46440.51171875,15604533,0.0,0.0
48900.0,49100.0,48500.0,48500.0,45047.29296875,26083749,0.0,0.0
49000.0,49200.0,48500.0,49200.0,45697.45703125,18070225,0.0,0.0
49200.0,49300.0,48700.0,48800.0,45325.9375,13884411,0.0,0.0
49100.0,49350.0,48800.0,48800.0,45325.9375,15319700,0.0,0.0
48900.0,49250.0,48300.0,48400.0,44954.41015625,16357743,0.0,0.0
48400.0,48500.0,47550.0,47900.0,44490.0078125,23433590,0.0,0.0
47250.0,48550.0,47200.0,48550.0,45093.7421875,20223277,0.0,0.0
47750.0,48100.0,47650.0,48000.0,44582.890625,19305974,0.0,0.0
48400.0,48450.0,47700.0,47850.0,44443.5703125,18463118,0.0,0.0
47950.0,49100.0,47600.0,48800.0,45325.9375,20481981,0.0,0.0
50100.0,50500.0,49700.0,50300.0,46719.15234375,25168295,0.0,0.0
50000.0,50200.0,49800.0,50000.0,46440.51171875,14896899,0.0,0.0
50300.0,50400.0,49850.0,49950.0,46394.07421875,14949266,0.0,0.0
49600.0,49800.0,48600.0,48750.0,45279.49609375,19706284,0.0,0.0
48750.0,48900.0,48450.0,48850.0,45372.3828125,14337913,0.0,0.0
48700.0,49450.0,48600.0,49250.0,45743.90234375,15127490,0.0,0.0
48950.0,50000.0,48800.0,49900.0,46347.6328125,19548479,0.0,0.0
51100.0,51200.0,49900.0,50400.0,46812.03515625,31309318,0.0,0.0
50000.0,50700.0,49700.0,50700.0,47090.67578125,27596961,0.0,0.0
50800.0,51200.0,50600.0,51200.0,47555.08203125,16949183,0.0,0.0
51000.0,51500.0,50800.0,51400.0,47740.8515625,14247933,0.0,0.0
51800.0,55000.0,51700.0,54500.0,50620.15234375,49257814,0.0,0.0
55800.0,57000.0,54600.0,54600.0,50713.0390625,40220334,0.0,0.0
54400.0,55900.0,54000.0,55500.0,51548.96875,22743629,0.0,0.0
56400.0,56500.0,54700.0,54900.0,50991.68359375,25634965,0.0,0.0
55800.0,56500.0,54400.0,55500.0,51548.96875,23998831,0.0,0.0
55100.0,55900.0,54900.0,55400.0,51456.0859375,16742493,0.0,0.0
54500.0,55100.0,53200.0,54300.0,50434.39453125,33815123,0.0,0.0
52100.0,52800.0,51500.0,52300.0,48576.7734375,26976019,0.0,0.0
51400.0,52000.0,49900.0,49900.0,46347.6328125,28772921,0.0,0.0
51200.0,52100.0,50600.0,52100.0,48391.01171875,21808375,0.0,0.0
52100.0,52900.0,51300.0,52200.0,48483.88671875,26672595,0.0,0.0
52200.0,52300.0,51600.0,52300.0,48576.7734375,15982926,0.0,0.0
52600.0,52900.0,51600.0,52900.0,49134.05859375,18157985,0.0,0.0
52000.0,52600.0,51800.0,52000.0,48298.12890625,13801350,0.0,0.0
52500.0,52800.0,51100.0,51400.0,47740.8515625,18086152,0.0,0.0
51900.0,53900.0,51600.0,52900.0,49134.05859375,24519552,0.0,0.0
52100.0,53000.0,51900.0,51900.0,48205.24609375,18541624,0.0,0.0
52800.0,53900.0,52200.0,53300.0,49505.5859375,21575360,0.0,0.0
52500.0,53200.0,52000.0,52400.0,48995.0625,17776925,354.0,0.0
53900.0,53900.0,52800.0,52800.0,49369.0703125,21157172,0.0,0.0
53400.0,53600.0,52400.0,52600.0,49182.06640625,16706143,0.0,0.0
52100.0,52900.0,52100.0,52900.0,49462.5703125,14142583,0.0,0.0
53000.0,53600.0,52700.0,53600.0,50117.08984375,11887868,0.0,0.0
54000.0,55000.0,53800.0,55000.0,51426.109375,19856623,0.0,0.0
55800.0,55900.0,53400.0,53400.0,49930.08203125,30760032,0.0,0.0
53600.0,53900.0,52900.0,53000.0,49556.078125,19664652,0.0,0.0
53200.0,53600.0,52800.0,52800.0,49369.0703125,17054850,0.0,0.0
53100.0,53200.0,52300.0,52700.0,49275.5703125,13714746,0.0,0.0
53300.0,53800.0,53100.0,53400.0,49930.08203125,12240188,0.0,0.0
53700.0,53800.0,53200.0,53800.0,50304.0859375,14269484,0.0,0.0
54400.0,55000.0,54300.0,54700.0,51145.60546875,24051450,0.0,0.0
54800.0,54800.0,53800.0,53800.0,50304.0859375,16779127,0.0,0.0
54200.0,54700.0,54100.0,54400.0,50865.10546875,10096174,0.0,0.0
54800.0,54800.0,54000.0,54200.0,50678.09765625,10507530,0.0,0.0
55200.0,55400.0,54800.0,55300.0,51706.625,18297260,0.0,0.0
55300.0,55500.0,54700.0,54700.0,51145.60546875,12885057,0.0,0.0
54700.0,54700.0,53800.0,54100.0,50584.59765625,16214932,0.0,0.0
54000.0,54400.0,53700.0,54200.0,50678.09765625,10994535,0.0,0.0
54300.0,55700.0,54300.0,55600.0,51987.125,21054421,0.0,0.0
57000.0,58800.0,56400.0,58600.0,54792.1875,48431566,0.0,0.0
60300.0,60400.0,58600.0,59000.0,55166.19140625,36476611,0.0,0.0
59700.0,60100.0,59000.0,59000.0,55166.19140625,19285354,0.0,0.0
59500.0,59600.0,57700.0,57900.0,54137.671875,21943345,0.0,0.0
57800.0,57900.0,56700.0,56800.0,53109.15625,21158940,0.0,0.0
57200.0,58100.0,57000.0,57300.0,53576.65625,19419694,0.0,0.0
57300.0,57500.0,56300.0,56900.0,53202.6484375,17739706,0.0,0.0
57100.0,58400.0,57100.0,58000.0,54231.171875,21625874,0.0,0.0
57900.0,58400.0,57100.0,57500.0,53763.66796875,18751717,0.0,0.0
57600.0,58300.0,57500.0,57800.0,54044.171875,17774291,0.0,0.0
58000.0,59500.0,57800.0,58200.0,54418.18359375,24907912,0.0,0.0
58200.0,59000.0,57700.0,59000.0,55166.19140625,18573934,0.0,0.0
59400.0,59600.0,58000.0,58700.0,54885.6875,22089460,0.0,0.0
58000.0,58400.0,57700.0,58000.0,54231.171875,15672548,0.0,0.0
58900.0,59900.0,58000.0,58400.0,54605.1875,25307825,0.0,0.0
59000.0,59200.0,57800.0,57800.0,54044.171875,16930719,0.0,0.0
57600.0,57600.0,55300.0,55400.0,51800.12890625,30386029,0.0,0.0
56200.0,56900.0,55800.0,55900.0,52267.62890625,21142288,0.0,0.0
55800.0,56600.0,55400.0,56100.0,52454.63671875,15055896,0.0,0.0
56400.0,56800.0,56100.0,56400.0,52735.140625,14021705,0.0,0.0
56400.0,56500.0,55700.0,56400.0,52735.140625,17651593,0.0,0.0
56300.0,56300.0,55600.0,55600.0,51987.125,16196568,0.0,0.0
56100.0,56300.0,55400.0,55400.0,51800.12890625,14619888,0.0,0.0
56000.0,56100.0,54000.0,54000.0,50491.09375,32671367,0.0,0.0
54100.0,54800.0,54100.0,54200.0,50678.09765625,19363117,0.0,0.0
54600.0,55100.0,54100.0,54400.0,50865.10546875,16905723,0.0,0.0
55600.0,56700.0,55500.0,56400.0,52735.140625,28384920,0.0,0.0
55200.0,55800.0,55100.0,55600.0,51987.125,22139109,0.0,0.0
56100.0,57300.0,55800.0,56500.0,52828.6484375,18685880,0.0,0.0
57400.0,58700.0,57200.0,58700.0,54885.6875,31517520,0.0,0.0
58200.0,59300.0,57800.0,58400.0,54605.1875,30597399,0.0,0.0
59900.0,60000.0,59100.0,59200.0,55353.19921875,29923293,0.0,0.0
59300.0,59400.0,58200.0,59000.0,55166.19140625,16017098,0.0,0.0
60200.0,60800.0,59900.0,60400.0,56475.22265625,20648281,0.0,0.0
60900.0,61000.0,60500.0,61000.0,57036.234375,17877075,0.0,0.0
61100.0,61300.0,60600.0,61000.0,57036.234375,17041444,0.0,0.0
60700.0,60800.0,59300.0,59500.0,55633.70703125,25108356,0.0,0.0
59800.0,59900.0,59100.0,59300.0,55446.703125,18884571,0.0,0.0
59100.0,60000.0,59000.0,59200.0,55353.19921875,15140387,0.0,0.0
59100.0,59700.0,57800.0,58200.0,54418.18359375,20830381,0.0,0.0
58400.0,58800.0,57400.0,58600.0,54792.1875,20111398,0.0,0.0
57700.0,58600.0,57600.0,57800.0,54044.171875,17564020,0.0,0.0
57700.0,58200.0,57700.0,57900.0,54137.671875,11444683,0.0,0.0
58300.0,58800.0,57900.0,58200.0,54752.94140625,12614080,354.0,0.0
58300.0,59000.0,58200.0,58200.0,54752.94140625,15503563,0.0,0.0
57500.0,59200.0,57500.0,58700.0,55223.32421875,20228289,0.0,0.0
59400.0,59900.0,58700.0,59000.0,55505.55078125,14463826,0.0,0.0
58700.0,59900.0,58500.0,59900.0,56352.24609375,14861838,0.0,0.0
60500.0,60700.0,59500.0,59700.0,56164.09765625,24589924,0.0,0.0
60000.0,60400.0,59900.0,60400.0,56822.63671875,16145837,0.0,0.0
61000.0,61400.0,60400.0,60900.0,57293.0234375,19247631,0.0,0.0
61000.0,61100.0,60500.0,60900.0,57293.0234375,16086716,0.0,0.0
60700.0,60800.0,59700.0,60000.0,56446.32421875,17756232,0.0,0.0
60000.0,60400.0,59000.0,59500.0,55975.9453125,16554190,0.0,0.0
59600.0,60200.0,59500.0,60000.0,56446.32421875,14474985,0.0,0.0
60300.0,60900.0,60100.0,60900.0,57293.0234375,19326115,0.0,0.0
61200.0,61500.0,60600.0,60900.0,57293.0234375,15703443,0.0,0.0
60300.0,60500.0,59800.0,60100.0,56540.41015625,14294095,0.0,0.0
60400.0,60400.0,59800.0,60200.0,56634.48046875,9322232,0.0,0.0
60400.0,61100.0,60100.0,60400.0,56822.63671875,13268226,0.0,0.0
60300.0,60300.0,59500.0,59800.0,56258.171875,17260416,0.0,0.0
59400.0,59400.0,58800.0,59000.0,55505.55078125,14428882,0.0,0.0
58200.0,58500.0,57500.0,58100.0,54658.86328125,22636966,0.0,0.0
58000.0,58000.0,56600.0,56600.0,53247.69921875,26907844,0.0,0.0
56400.0,57500.0,56000.0,57400.0,54000.32421875,20489076,0.0,0.0
57900.0,58900.0,57600.0,58800.0,55317.40625,14950919,0.0,0.0
58900.0,59000.0,57800.0,58500.0,55035.171875,21718561,0.0,0.0
59000.0,60300.0,58800.0,60300.0,56728.55859375,20639475,0.0,0.0
60700.0,60800.0,59600.0,60100.0,56540.41015625,16910230,0.0,0.0
60700.0,60900.0,60100.0,60200.0,56634.48046875,15892961,0.0,0.0
60500.0,60500.0,59500.0,60200.0,56634.48046875,19073552,0.0,0.0
60700.0,61400.0,60400.0,61300.0,57669.3359375,25628510,0.0,0.0
61000.0,61400.0,60700.0,61000.0,57387.09375,19800573,0.0,0.0
61300.0,63200.0,61000.0,63200.0,59456.80078125,31508829,0.0,0.0
64000.0,66700.0,63900.0,66300.0,62373.19140625,36354334,0.0,0.0
67000.0,67000.0,65600.0,65700.0,61808.7265625,30204089,0.0,0.0
65700.0,66200.0,64700.0,64800.0,60962.03125,22963790,0.0,0.0
64100.0,64800.0,63900.0,64600.0,60773.8828125,16590290,0.0,0.0
63900.0,65200.0,63900.0,64700.0,60867.94921875,15068682,0.0,0.0
64800.0,67800.0,64700.0,67500.0,63502.12109375,27134398,0.0,0.0
67900.0,69500.0,67000.0,67700.0,63690.26953125,32158235,0.0,0.0
67900.0,68300.0,66500.0,66600.0,62655.42578125,32447065,0.0,0.0
66100.0,68000.0,66000.0,68000.0,63972.50390625,19023323,0.0,0.0
68000.0,68400.0,67600.0,68200.0,64160.66796875,14063434,0.0,0.0
68400.0,68600.0,66700.0,66700.0,62749.50390625,43811016,0.0,0.0
67100.0,68300.0,67100.0,67800.0,63784.35546875,22327173,0.0,0.0
68400.0,69900.0,68300.0,69500.0,65383.6640625,29703942,0.0,0.0
70100.0,70500.0,69300.0,69700.0,65571.8203125,23677989,0.0,0.0
70400.0,72100.0,70100.0,71500.0,67265.2109375,28130533,0.0,0.0
72400.0,73500.0,71900.0,72900.0,68582.2890625,28490496,0.0,0.0
72200.0,72900.0,71600.0,71700.0,67453.359375,25000338,0.0,0.0
72100.0,73900.0,72000.0,73900.0,69523.0625,24077996,0.0,0.0
72700.0,73800.0,72500.0,72900.0,68582.2890625,39882928,0.0,0.0
73500.0,73800.0,73100.0,73400.0,69052.6796875,18486672,0.0,0.0
73600.0,74500.0,73200.0,73800.0,69428.9765625,21510415,0.0,0.0
73800.0,74100.0,73300.0,73800.0,69428.9765625,20863671,0.0,0.0
74100.0,74500.0,73400.0,73800.0,69428.9765625,17512081,0.0,0.0
73400.0,73700.0,72600.0,73300.0,68958.59375,24293214,0.0,0.0
73300.0,73700.0,73000.0,73000.0,68676.3671875,17613029,0.0,0.0
73100.0,73400.0,72000.0,73000.0,68676.3671875,20367355,0.0,0.0
72500.0,73200.0,72100.0,72300.0,68017.8125,16304910,0.0,0.0
72400.0,74000.0,72300.0,73900.0,69523.0625,19411326,0.0,0.0
74100.0,78800.0,74000.0,77800.0,73192.0703125,32502870,0.0,0.0
79000.0,80100.0,78200.0,78700.0,74038.7734375,40085044,0.0,0.0
78800.0,78900.0,77300.0,78300.0,75516.3125,30339449,1932.0,0.0
77400.0,81300.0,77300.0,81000.0,78120.3203125,29417421,0.0,0.0
81000.0,84400.0,80200.0,83000.0,80049.21875,38655276,0.0,0.0
81600.0,83900.0,81600.0,83900.0,80917.2265625,35335669,0.0,0.0
83300.0,84500.0,82100.0,82200.0,79277.65625,42089013,0.0,0.0
82800.0,84200.0,82700.0,82900.0,79952.765625,32644642,0.0,0.0
83300.0,90000.0,83000.0,88800.0,85643.0,59013307,0.0,0.0
90000.0,96800.0,89500.0,91000.0,87764.796875,90306177,0.0,0.0
90300.0,91400.0,87800.0,90600.0,87379.015625,48682416,0.0,0.0
89800.0,91200.0,89100.0,89700.0,86511.015625,36068848,0.0,0.0
88700.0,90000.0,88700.0,89700.0,86511.015625,26393970,0.0,0.0
89800.0,91800.0,88000.0,88000.0,84871.453125,33431809,0.0,0.0
86600.0,87300.0,84100.0,85000.0,81978.109375,43227951,0.0,0.0
84500.0,88000.0,83600.0,87000.0,83907.0078125,39895044,0.0,0.0
89000.0,89000.0,86500.0,87200.0,84099.8984375,25211127,0.0,0.0
87500.0,88600.0,86500.0,88100.0,84967.8984375,25318011,0.0,0.0
89000.0,89700.0,86800.0,86800.0,83714.109375,30861661,0.0,0.0
87000.0,89900.0,86300.0,89400.0,86221.671875,27258534,0.0,0.0
88800.0,89200.0,86500.0,86700.0,83617.671875,33178936,0.0,0.0
86600.0,87700.0,85600.0,85600.0,82556.7734375,26423070,0.0,0.0
83200.0,85600.0,83200.0,83700.0,80724.3359375,31859808,0.0,0.0
84500.0,85000.0,82000.0,82000.0,79084.7578125,39615978,0.0,0.0
81700.0,83400.0,81000.0,83000.0,80049.21875,28046832,0.0,0.0
84100.0,86400.0,83700.0,84400.0,81399.4453125,26302077,0.0,0.0
84800.0,85400.0,83400.0,84600.0,81592.3203125,22112205,0.0,0.0
83500.0,83800.0,82100.0,82500.0,79566.984375,24171688,0.0,0.0
83100.0,84000.0,82500.0,83500.0,80531.4375,18036835,0.0,0.0
83800.0,84200.0,83000.0,83000.0,80049.21875,15338765,0.0,0.0
84000.0,84800.0,82700.0,82700.0,79759.875,20898332,0.0,0.0
82600.0,82600.0,81600.0,81600.0,78698.9921875,23025766,0.0,0.0
83800.0,84500.0,83300.0,84200.0,81206.546875,23529706,0.0,0.0
84500.0,86000.0,84200.0,84900.0,81881.6640625,20483100,0.0,0.0
83900.0,84200.0,83000.0,83200.0,80242.1015625,18307735,0.0,0.0
83200.0,83600.0,82100.0,82100.0,79181.2109375,21327683,0.0,0.0
82300.0,82800.0,81000.0,82600.0,79663.421875,25880879,0.0,0.0
83800.0,84200.0,82200.0,82200.0,79277.65625,25419886,0.0,0.0
81200.0,82900.0,81100.0,82000.0,79084.7578125,20587314,0.0,0.0
81800.0,83600.0,81300.0,82000.0,79084.7578125,26807651,0.0,0.0
84000.0,85400.0,83000.0,85300.0,82267.4453125,34155986,0.0,0.0
82800.0,83400.0,82000.0,82500.0,79566.984375,38520800,0.0,0.0
85100.0,85300.0,83000.0,83600.0,80627.8828125,33498180,0.0,0.0
83500.0,84000.0,82800.0,84000.0,81013.65625,19882132,0.0,0.0
82600.0,83200.0,82200.0,82400.0,79470.5546875,24348331,0.0,0.0
81100.0,82600.0,81100.0,82100.0,79181.2109375,20508971,0.0,0.0
82900.0,83000.0,81600.0,82000.0,79084.7578125,17641256,0.0,0.0
81400.0,81900.0,80600.0,81400.0,78506.0859375,25420764,0.0,0.0
82400.0,82500.0,80700.0,80900.0,78023.8828125,20038422,0.0,0.0
81000.0,82500.0,81000.0,82000.0,79084.7578125,23818297,0.0,0.0
83100.0,83500.0,82400.0,82800.0,79856.3125,13530573,0.0,0.0
82800.0,82900.0,81800.0,81800.0,78891.875,13735798,0.0,0.0
82200.0,83000.0,82100.0,82800.0,79856.3125,12293537,0.0,0.0
82800.0,82900.0,82000.0,82300.0,79374.109375,11625146,0.0,0.0
82800.0,83800.0,82600.0,82900.0,79952.765625,18585244,0.0,0.0
82100.0,82500.0,81800.0,81900.0,78988.3203125,15869700,0.0,0.0
82000.0,82300.0,81700.0,82000.0,79084.7578125,12670506,0.0,0.0
82600.0,82900.0,81800.0,81800.0,78891.875,13299907,0.0,0.0
81000.0,81600.0,80700.0,81000.0,78120.3203125,17926638,0.0,0.0
81000.0,82100.0,80800.0,81200.0,78313.1953125,14758826,0.0,0.0
81400.0,81600.0,81000.0,81500.0,78602.5390625,12845778,0.0,0.0
81700.0,81700.0,81000.0,81600.0,78698.9921875,14952134,0.0,0.0
81600.0,82300.0,81300.0,82200.0,79629.9453125,13121698,361.0,0.0
82400.0,82700.0,81400.0,81400.0,78854.9453125,17240518,0.0,0.0
82500.0,83000.0,82000.0,82900.0,80308.0546875,18676461,0.0,0.0
84000.0,85200.0,83900.0,84800.0,82148.640625,22997538,0.0,0.0
85800.0,86000.0,84800.0,85400.0,82729.8828125,16255990,0.0,0.0
86200.0,86200.0,85100.0,86000.0,83311.1171875,19042023,0.0,0.0
86100.0,86200.0,85400.0,85600.0,82923.6328125,17885538,0.0,0.0
85700.0,85700.0,84100.0,84700.0,82051.7734375,19244259,0.0,0.0
84700.0,84900.0,83400.0,83600.0,80986.171875,18193707,0.0,0.0
84100.0,84100.0,83100.0,83200.0,80598.671875,12915282,0.0,0.0
83000.0,84500.0,82800.0,84000.0,81373.65625,15238206,0.0,0.0
84000.0,84300.0,83400.0,84000.0,81373.65625,13794652,0.0,0.0
83700.0,84500.0,83400.0,84100.0,81470.53125,16377412,0.0,0.0
84700.0,84700.0,83600.0,83900.0,81276.796875,15429522,0.0,0.0
83800.0,84000.0,83300.0,83300.0,80695.546875,15287311,0.0,0.0
83300.0,84000.0,83100.0,83900.0,81276.796875,15521965,0.0,0.0
83300.0,83500.0,82500.0,82600.0,80017.421875,21636079,0.0,0.0
82900.0,83000.0,82400.0,82400.0,79823.6953125,13934746,0.0,0.0
81900.0,82900.0,81600.0,82800.0,80211.171875,17805080,0.0,0.0
82900.0,83500.0,82600.0,83500.0,80889.296875,15489938,0.0,0.0
83200.0,83300.0,82500.0,82900.0,80308.0546875,12941533,0.0,0.0
83200.0,83200.0,82100.0,82100.0,79533.0703125,15596759,0.0,0.0
82400.0,82500.0,81500.0,81700.0,79145.578125,20000973,0.0,0.0
81900.0,82100.0,81500.0,81500.0,78951.828125,18673197,0.0,0.0
81000.0,82400.0,81000.0,81700.0,79145.578125,15710336,0.0,0.0
81900.0,82600.0,81800.0,82600.0,80017.421875,12532550,0.0,0.0
81700.0,82300.0,81700.0,82300.0,79726.8203125,17047511,0.0,0.0
81800.0,82100.0,81500.0,81900.0,79339.3203125,14154882,0.0,0.0
82300.0,83500.0,81800.0,83200.0,80598.671875,19385027,0.0,0.0
82500.0,82600.0,81100.0,81200.0,78661.1953125,28996680,0.0,0.0
80800.0,81200.0,79800.0,80000.0,77498.71875,35812268,0.0,0.0
78900.0,79600.0,78400.0,78500.0,76045.6171875,31490096,0.0,0.0
79000.0,80300.0,78900.0,80100.0,77595.6015625,16450920,0.0,0.0
80800.0,80900.0,79200.0,79600.0,77111.234375,17740855,0.0,0.0
79600.0,80000.0,79100.0,79600.0,77111.234375,17494407,0.0,0.0
79400.0,79700.0,79100.0,79500.0,77014.359375,16541828,0.0,0.0
80100.0,81500.0,79800.0,80100.0,77595.6015625,20961714,0.0,0.0
80100.0,80400.0,79500.0,79700.0,77208.109375,13398666,0.0,0.0
80000.0,80400.0,79800.0,79900.0,77401.8515625,13628942,0.0,0.0
80400.0,80500.0,79700.0,79800.0,77304.96875,11984359,0.0,0.0
80000.0,80000.0,79100.0,79600.0,77111.234375,23198510,0.0,0.0
79800.0,80400.0,79400.0,80100.0,77595.6015625,12360199,0.0,0.0
80300.0,80600.0,79600.0,80500.0,77983.0859375,13321324,0.0,0.0
80500.0,81300.0,80100.0,80600.0,78079.9609375,14058401,0.0,0.0
80400.0,81400.0,80300.0,80800.0,78273.7109375,16414644,0.0,0.0
81300.0,83000.0,81100.0,82800.0,80211.171875,29546007,0.0,0.0
82700.0,82700.0,81500.0,82200.0,79629.9453125,18112259,0.0,0.0
82700.0,82800.0,81600.0,81900.0,79339.3203125,16496197,0.0,0.0
82300.0,82600.0,81800.0,81900.0,79339.3203125,12781226,0.0,0.0
81500.0,82000.0,81100.0,81100.0,78564.3359375,14908823,0.0,0.0
81300.0,81400.0,80900.0,81000.0,78467.4609375,17586995,0.0,0.0
81200.0,81700.0,80700.0,81000.0,78467.4609375,14087962,0.0,0.0
80800.0,80900.0,80500.0,80500.0,77983.0859375,10550078,0.0,0.0
80900.0,81200.0,80600.0,80900.0,78370.59375,10075685,0.0,0.0
81500.0,81900.0,81100.0,81800.0,79242.4453125,14999855,0.0,0.0
81100.0,81300.0,80700.0,80900.0,78370.59375,14007385,0.0,0.0
81100.0,81100.0,80500.0,80500.0,77983.0859375,14916721,0.0,0.0
79700.0,80000.0,79600.0,79900.0,77401.8515625,16063340,0.0,0.0
80200.0,80300.0,79900.0,80000.0,77498.71875,11773365,0.0,0.0
80500.0,80600.0,79900.0,80100.0,77595.6015625,13856548,0.0,0.0
80400.0,81400.0,80100.0,81200.0,78661.1953125,18771080,0.0,0.0
81500.0,81900.0,81200.0,81600.0,79048.703125,13481405,0.0,0.0
81700.0,82000.0,81600.0,81900.0,79339.3203125,11578529,0.0,0.0
81900.0,82100.0,80800.0,81000.0,78814.859375,15744317,361.0,0.0
81100.0,81400.0,80700.0,80700.0,78522.9609375,13288643,0.0,0.0
80500.0,80600.0,80000.0,80100.0,77939.140625,13382882,0.0,0.0
80000.0,80400.0,79900.0,80000.0,77841.828125,8753097,0.0,0.0
80100.0,80800.0,80000.0,80400.0,78231.046875,8330969,0.0,0.0
80600.0,81200.0,80500.0,81200.0,79009.4609375,12131651,0.0,0.0
81200.0,81300.0,80300.0,80800.0,78620.25,15992202,0.0,0.0
81100.0,81200.0,79900.0,79900.0,77744.5390625,16660998,0.0,0.0
79600.0,79800.0,79000.0,79400.0,77258.015625,22720577,0.0,0.0
79900.0,80000.0,79500.0,79700.0,77549.9296875,9768108,0.0,0.0
80000.0,80200.0,79800.0,79800.0,77647.2265625,9863450,0.0,0.0
79400.0,79600.0,79100.0,79500.0,77355.328125,11575636,0.0,0.0
79800.0,80600.0,79500.0,80600.0,78425.6484375,13766279,0.0,0.0
80100.0,80100.0,79500.0,79800.0,77647.2265625,10859399,0.0,0.0
79100.0,79200.0,78800.0,79000.0,76868.8203125,13155414,0.0,0.0
78500.0,79000.0,78400.0,79000.0,76868.8203125,12456646,0.0,0.0
79000.0,79100.0,78500.0,78500.0,76382.296875,12355296,0.0,0.0
79000.0,79800.0,78900.0,79700.0,77549.9296875,12618790,0.0,0.0
79700.0,79900.0,79200.0,79300.0,77160.7265625,9098910,0.0,0.0
79400.0,79500.0,78800.0,78800.0,76674.203125,10040975,0.0,0.0
79200.0,79400.0,78500.0,78500.0,76382.296875,11427693,0.0,0.0
78300.0,79200.0,78100.0,79200.0,77063.4140625,12743417,0.0,0.0
78800.0,79400.0,78800.0,79000.0,76868.8203125,14360453,0.0,0.0
78900.0,78900.0,78500.0,78500.0,76382.296875,13823411,0.0,0.0
79200.0,79500.0,78700.0,79300.0,77160.7265625,11739124,0.0,0.0
79400.0,81400.0,79300.0,81400.0,79204.0625,24339360,0.0,0.0
82200.0,83100.0,81800.0,82900.0,80663.6015625,25642368,0.0,0.0
83300.0,83300.0,82000.0,82100.0,79885.1875,18485469,0.0,0.0
81900.0,82500.0,81300.0,81500.0,79301.375,13342623,0.0,0.0
81500.0,82300.0,80900.0,81500.0,79301.375,15522581,0.0,0.0
82300.0,82400.0,80100.0,80200.0,78036.4453125,20362639,0.0,0.0
79600.0,79800.0,78500.0,78500.0,76382.296875,30241137,0.0,0.0
77100.0,78200.0,76900.0,77000.0,74922.7734375,42365223,0.0,0.0
75800.0,76000.0,74100.0,74400.0,72392.90625,61270643,0.0,0.0
74000.0,75100.0,74000.0,74200.0,72198.3125,30944847,0.0,0.0
73900.0,74600.0,73100.0,73900.0,71906.3984375,29192631,0.0,0.0
73500.0,74400.0,73100.0,73100.0,71127.9765625,22166298,0.0,0.0
73500.0,73900.0,72500.0,72700.0,70738.7734375,22364803,0.0,0.0
73300.0,74000.0,73000.0,73300.0,71322.5859375,19384648,0.0,0.0
73900.0,75700.0,73900.0,75600.0,73560.5390625,21016913,0.0,0.0
76200.0,76600.0,74900.0,75700.0,73657.8359375,22319664,0.0,0.0
76100.0,76200.0,74600.0,74600.0,72587.515625,16671494,0.0,0.0
74300.0,75000.0,73800.0,74300.0,72295.609375,15172748,0.0,0.0
75400.0,75500.0,74200.0,74600.0,72587.515625,12686999,0.0,0.0
74900.0,76700.0,74300.0,76700.0,74630.8671875,24630370,0.0,0.0
76700.0,77100.0,75900.0,76800.0,74728.15625,16114775,0.0,0.0
76800.0,76800.0,75700.0,76000.0,73949.7421875,15347486,0.0,0.0
76400.0,76700.0,76000.0,76600.0,74533.5546875,12096419,0.0,0.0
76800.0,77600.0,76600.0,77300.0,75214.6796875,12861180,0.0,0.0
77100.0,77100.0,75900.0,76100.0,74047.0546875,13239401,0.0,0.0
76000.0,76400.0,75600.0,76300.0,74241.65625,11798147,0.0,0.0
76400.0,76600.0,75000.0,75300.0,73268.6328125,17600770,0.0,0.0
75300.0,75600.0,74800.0,75300.0,73268.6328125,10103212,0.0,0.0
75200.0,76300.0,75100.0,76300.0,74241.65625,11397775,0.0,0.0
77100.0,77700.0,76600.0,76600.0,74533.5546875,18167057,0.0,0.0
77400.0,77400.0,76400.0,77000.0,74922.7734375,12829128,0.0,0.0
77300.0,77400.0,76100.0,76100.0,74047.0546875,13067622,0.0,0.0
76300.0,77200.0,75900.0,77200.0,75117.3671875,16289502,0.0,0.0
77500.0,77600.0,76800.0,77400.0,75311.9765625,17055590,0.0,0.0
77600.0,77700.0,77100.0,77300.0,75214.6796875,12247274,0.0,0.0
77300.0,77700.0,77000.0,77700.0,75603.890625,11699798,0.0,0.0
77700.0,77800.0,76200.0,76300.0,74241.65625,15406382,0.0,0.0
74800.0,75300.0,73800.0,74100.0,72443.7578125,23992458,361.0,0.0
74300.0,74800.0,73700.0,74100.0,72443.7578125,19919361,0.0,0.0
73900.0,74000.0,72900.0,73200.0,71563.8671875,15803395,0.0,0.0
73000.0,73000.0,71400.0,72200.0,70586.2265625,24013921,0.0,0.0
72600.0,72800.0,71200.0,71300.0,69706.3359375,18956962,0.0,0.0
71600.0,72100.0,71300.0,71600.0,69999.640625,13683532,0.0,0.0
72300.0,72400.0,71500.0,71500.0,69901.8671875,14043287,0.0,0.0
70700.0,70900.0,68700.0,69000.0,67457.75,31001484,0.0,0.0
68700.0,69600.0,68300.0,68800.0,67262.21875,24172015,0.0,0.0
69000.0,69800.0,68800.0,69400.0,67848.8046875,19520641,0.0,0.0
70200.0,71000.0,70000.0,70100.0,68533.1640625,18051612,0.0,0.0
70200.0,70300.0,69200.0,70200.0,68630.9296875,13486391,0.0,0.0
70800.0,71000.0,70400.0,70600.0,69021.984375,9507991,0.0,0.0
70700.0,71000.0,70200.0,70300.0,68728.6875,10151638,0.0,0.0
70300.0,70600.0,70000.0,70200.0,68630.9296875,10891094,0.0,0.0
70000.0,70700.0,70000.0,70400.0,68826.4609375,8395448,0.0,0.0
69900.0,70600.0,69500.0,70200.0,68630.9296875,10029621,0.0,0.0
70600.0,71500.0,70400.0,71100.0,69510.8046875,10528252,0.0,0.0
71000.0,71000.0,70000.0,70100.0,68533.1640625,10295316,0.0,0.0
69500.0,72200.0,69500.0,70700.0,69119.75,20644902,0.0,0.0
71200.0,71600.0,69700.0,69800.0,68239.8671875,17016151,0.0,0.0
70200.0,70600.0,69900.0,69900.0,68337.625,11503729,0.0,0.0
70800.0,72200.0,70700.0,71500.0,69901.8671875,16812570,0.0,0.0
71700.0,71700.0,70100.0,70400.0,68826.4609375,12770428,0.0,0.0
71200.0,71600.0,70500.0,70600.0,69021.984375,11818987,0.0,0.0
71600.0,71600.0,70200.0,70200.0,68630.9296875,12667743,0.0,0.0
70400.0,70600.0,69800.0,70600.0,69021.984375,11121981,0.0,0.0
70300.0,71000.0,70100.0,70500.0,68924.2109375,11159589,0.0,0.0
70300.0,70900.0,70200.0,70200.0,68630.9296875,9422009,0.0,0.0
69900.0,70000.0,69600.0,69900.0,68337.625,11489122,0.0,0.0
70200.0,70900.0,69900.0,70600.0,69021.984375,10087450,0.0,0.0
71700.0,71900.0,70900.0,71400.0,69804.109375,12420710,0.0,0.0
71500.0,72000.0,71300.0,71300.0,69706.3359375,10919239,0.0,0.0
71300.0,71600.0,70600.0,70700.0,69119.75,11027606,0.0,0.0
70700.0,71000.0,70200.0,70200.0,68630.9296875,10144957,0.0,0.0
70400.0,71400.0,70100.0,71200.0,69608.578125,11954728,0.0,0.0
73300.0,75200.0,73000.0,74900.0,73225.875,27506623,0.0,0.0
76000.0,76000.0,74500.0,75300.0,73616.9375,22029195,0.0,0.0
76000.0,76200.0,74100.0,74800.0,73128.1015625,15652305,0.0,0.0
75100.0,75100.0,73600.0,73700.0,72052.6953125,12559258,0.0,0.0
73500.0,74100.0,72000.0,72300.0,70683.984375,13002242,0.0,0.0
71700.0,73000.0,71400.0,72300.0,70683.984375,16682559,0.0,0.0
73200.0,73900.0,70500.0,71300.0,69706.3359375,30364841,0.0,0.0
72000.0,74800.0,71600.0,74400.0,72737.0546875,21954856,0.0,0.0
73900.0,75800.0,73800.0,75800.0,74105.7578125,23652940,0.0,0.0
75600.0,76000.0,74100.0,75600.0,73910.2265625,18330240,0.0,0.0
75100.0,76700.0,74900.0,76300.0,74594.578125,16391250,0.0,0.0
76100.0,77700.0,75600.0,77400.0,75669.9921875,19232453,0.0,0.0
78300.0,78600.0,77100.0,77400.0,75669.9921875,21558340,0.0,0.0
77400.0,78200.0,77000.0,78200.0,76452.1171875,21604528,0.0,0.0
77400.0,77600.0,76800.0,76900.0,75181.1640625,9155219,0.0,0.0
77200.0,78300.0,76500.0,76800.0,75083.40625,15038750,0.0,0.0
76500.0,77200.0,76200.0,77000.0,75278.9375,10976660,0.0,0.0
76400.0,77600.0,76300.0,77600.0,75865.53125,9584939,0.0,0.0
78500.0,78500.0,77400.0,77800.0,76061.0546875,11996128,0.0,0.0
76800.0,78000.0,76800.0,78000.0,76256.5859375,13108479,0.0,0.0
77600.0,77800.0,76800.0,77100.0,75376.6953125,11264375,0.0,0.0
77900.0,78300.0,77500.0,78100.0,76354.3515625,14245298,0.0,0.0
78900.0,79400.0,78800.0,79400.0,77625.2890625,17105892,0.0,0.0
79800.0,80000.0,79300.0,79900.0,78114.1171875,13577498,0.0,0.0
80200.0,80800.0,80200.0,80500.0,78700.703125,12086380,0.0,0.0
80600.0,80600.0,79800.0,80200.0,78407.421875,10783368,0.0,0.0
80200.0,80400.0,79700.0,80300.0,78505.1796875,18226325,0.0,0.0
80200.0,80200.0,78500.0,78800.0,77386.6015625,19794795,361.0,0.0
78900.0,79500.0,78100.0,78300.0,76895.5703125,14236700,0.0,0.0
78800.0,79200.0,78300.0,78700.0,77288.3984375,12427416,0.0,0.0
78800.0,79000.0,76400.0,77400.0,76011.7109375,25470640,0.0,0.0
76700.0,77600.0,76600.0,76900.0,75520.6796875,12931954,0.0,0.0
78100.0,78400.0,77400.0,78300.0,76895.5703125,15163757,0.0,0.0
78100.0,78100.0,77100.0,78000.0,76600.953125,9947422,0.0,0.0
78400.0,79000.0,78000.0,78900.0,77484.8125,13221123,0.0,0.0
79500.0,79600.0,78600.0,78900.0,77484.8125,11000502,0.0,0.0
79300.0,79300.0,77900.0,77900.0,76502.75,13889401,0.0,0.0
77700.0,78100.0,77100.0,77300.0,75913.515625,10096725,0.0,0.0
77600.0,77800.0,76900.0,77500.0,76109.921875,8785122,0.0,0.0
77600.0,77800.0,76600.0,77000.0,75618.890625,9592788,0.0,0.0
76500.0,76900.0,76100.0,76300.0,74931.4453125,10598290,0.0,0.0
76200.0,76700.0,75900.0,76500.0,75127.8515625,9708168,0.0,0.0
75800.0,75800.0,74700.0,75600.0,74244.0,15774888,0.0,0.0
75400.0,75800.0,74700.0,75100.0,73752.96875,13691134,0.0,0.0
74800.0,75000.0,73200.0,74000.0,72672.6953125,17766704,0.0,0.0
74000.0,74000.0,74000.0,74000.0,72672.6953125,0,0.0,0.0
73800.0,74000.0,71300.0,71300.0,70021.125,22274777,0.0,0.0
71300.0,73700.0,71200.0,73300.0,71985.2578125,21367447,0.0,0.0
74900.0,74900.0,73300.0,73300.0,71985.2578125,17744721,0.0,0.0
74300.0,74600.0,73400.0,74000.0,72672.6953125,12730034,0.0,0.0
73500.0,73600.0,72400.0,73000.0,71690.640625,14240838,0.0,0.0
73000.0,73000.0,73000.0,73000.0,71690.640625,0,0.0,0.0
73000.0,73000.0,73000.0,73000.0,71690.640625,0,0.0,0.0
75600.0,75800.0,74700.0,75400.0,74047.5859375,17746033,0.0,0.0
75000.0,75500.0,74600.0,74900.0,73556.5546875,12205407,0.0,0.0
74400.0,74500.0,73100.0,73700.0,72378.078125,13993255,0.0,0.0
74100.0,74200.0,73100.0,73700.0,72378.078125,9320365,0.0,0.0
74600.0,74900.0,74200.0,74800.0,73458.34375,10767386,0.0,0.0
75000.0,75600.0,74500.0,75000.0,73654.7578125,13605382,0.0,0.0
74600.0,74800.0,73700.0,74300.0,72967.3125,10122226,0.0,0.0
74300.0,74300.0,74300.0,74300.0,72967.3125,0,0.0,0.0
74300.0,74300.0,74300.0,74300.0,72967.3125,0,0.0,0.0
74300.0,74300.0,74300.0,74300.0,72967.3125,0,0.0,0.0
72300.0,72300.0,71300.0,71500.0,70217.5390625,15759283,0.0,0.0
72100.0,72600.0,71900.0,71900.0,70610.3671875,13168484,0.0,0.0
71900.0,71900.0,71900.0,71900.0,70610.3671875,0,0.0,0.0
72300.0,72400.0,71500.0,71700.0,70413.953125,12481430,0.0,0.0
72300.0,73100.0,72200.0,72900.0,71592.4296875,13232638,0.0,0.0
72900.0,72900.0,72900.0,72900.0,71592.4296875,0,0.0,0.0
70000.0,70600.0,69900.0,70100.0,68842.65625,18617138,0.0,0.0
68800.0,70000.0,68700.0,69500.0,68253.4140625,15828269,0.0,0.0
69500.0,69500.0,69500.0,69500.0,68253.4140625,0,0.0,0.0
70500.0,70700.0,69700.0,70000.0,68744.4453125,15787655,0.0,0.0
70000.0,70200.0,69600.0,70200.0,68940.859375,9040993,0.0,0.0
70200.0,70200.0,70200.0,70200.0,68940.859375,0,0.0,0.0
70200.0,70500.0,69700.0,70400.0,69137.2734375,10175750,0.0,0.0
70400.0,70400.0,70400.0,70400.0,69137.2734375,0,0.0,0.0
70600.0,70900.0,70200.0,70700.0,69431.890625,14410038,0.0,0.0
70900.0,71000.0,69900.0,69900.0,68646.234375,11169002,0.0,0.0
69900.0,70500.0,69900.0,70300.0,69039.0625,9402666,0.0,0.0
70600.0,71200.0,70300.0,70500.0,69235.46875,12398025,0.0,0.0
69600.0,70300.0,69600.0,69800.0,68548.03125,37943357,0.0,0.0
70100.0,70200.0,69600.0,69800.0,68548.03125,12986010,0.0,0.0
69500.0,69900.0,69200.0,69700.0,68449.8203125,12619289,0.0,0.0
70000.0,70300.0,69800.0,70200.0,68940.859375,13686208,0.0,0.0
70300.0,70500.0,69800.0,69900.0,69001.078125,12670187,361.0,0.0
69900.0,70200.0,69600.0,69600.0,68704.9375,12510366,0.0,0.0
69500.0,69500.0,69000.0,69100.0,68211.359375,15916846,0.0,0.0
68900.0,69300.0,68600.0,69300.0,68408.7890625,11107905,0.0,0.0
69400.0,69600.0,69100.0,69200.0,68310.078125,8467248,0.0,0.0
68600.0,68800.0,68500.0,68500.0,67619.0703125,15517308,0.0,0.0
68500.0,68500.0,68000.0,68000.0,67125.5078125,20683327,0.0,0.0
68100.0,68300.0,67700.0,67800.0,66928.078125,15453191,0.0,0.0
67800.0,68100.0,67400.0,67900.0,67026.796875,12263735,0.0,0.0
67600.0,67700.0,67000.0,67000.0,66138.3671875,13924389,0.0,0.0
67300.0,69000.0,67200.0,68700.0,67816.5078125,17378619,0.0,0.0
68700.0,68700.0,67500.0,67500.0,66631.9375,16409494,0.0,0.0
67200.0,67300.0,66500.0,66600.0,65743.5078125,13176415,0.0,0.0
66500.0,67100.0,66100.0,66700.0,65842.2265625,10119203,0.0,0.0
67100.0,68000.0,67000.0,67300.0,66434.515625,12959434,0.0,0.0
67000.0,67400.0,66500.0,67400.0,66533.21875,16693293,0.0,0.0
67600.0,68300.0,67500.0,67700.0,66829.359375,12847448,0.0,0.0
67200.0,67300.0,66700.0,67000.0,66138.3671875,11791478,0.0,0.0
66500.0,66700.0,66300.0,66300.0,65447.3671875,11016474,0.0,0.0
66400.0,66700.0,66100.0,66100.0,65249.94140625,12946923,0.0,0.0
65400.0,65500.0,64900.0,65000.0,64164.0859375,18122084,0.0,0.0
65400.0,65500.0,64500.0,64800.0,63966.66015625,16895527,0.0,0.0
65100.0,67600.0,65000.0,67400.0,66533.21875,26190390,0.0,0.0
66600.0,67600.0,66500.0,67300.0,66434.515625,14106184,0.0,0.0
67400.0,68400.0,67300.0,67500.0,66631.9375,14168875,0.0,0.0
68000.0,68400.0,67500.0,67900.0,67026.796875,11505248,0.0,0.0
67000.0,67100.0,66500.0,66500.0,65644.796875,14356156,0.0,0.0
65900.0,66300.0,65300.0,65700.0,64855.08203125,17235605,0.0,0.0
65500.0,66300.0,65200.0,65700.0,64855.08203125,12330920,0.0,0.0
65200.0,65500.0,64900.0,64900.0,64065.375,16414188,0.0,0.0
65300.0,66700.0,65200.0,66500.0,65644.796875,14551536,0.0,0.0
67100.0,67400.0,66100.0,66300.0,65447.3671875,11937555,0.0,0.0
66600.0,67900.0,66600.0,67600.0,66730.65625,15680447,0.0,0.0
68300.0,68700.0,67600.0,68100.0,67224.21875,16486319,0.0,0.0
66500.0,67600.0,66500.0,67500.0,66631.9375,17073727,0.0,0.0
67800.0,68400.0,67700.0,68000.0,67125.5078125,12109671,0.0,0.0
68800.0,68800.0,67600.0,67900.0,67026.796875,13684088,0.0,0.0
67500.0,67700.0,66500.0,66500.0,65644.796875,15482576,0.0,0.0
66700.0,67100.0,65900.0,66400.0,65546.0859375,15150490,0.0,0.0
66300.0,67200.0,65500.0,65900.0,65052.51171875,15970890,0.0,0.0
66700.0,66900.0,66200.0,66500.0,65644.796875,11405555,0.0,0.0
67500.0,67800.0,66900.0,67700.0,66829.359375,14255484,0.0,0.0
67500.0,67500.0,66700.0,67400.0,66533.21875,24365002,0.0,0.0
66600.0,67000.0,66400.0,66700.0,65842.2265625,14959443,0.0,0.0
67200.0,67300.0,66800.0,66800.0,65940.9375,8222883,0.0,0.0
66200.0,66400.0,65400.0,65500.0,64657.65625,19355755,0.0,0.0
65400.0,65700.0,65300.0,65300.0,64460.2265625,12483180,0.0,0.0
65100.0,65200.0,64500.0,65200.0,64361.515625,25790725,0.0,0.0
64000.0,64400.0,63800.0,63800.0,62979.51953125,22193552,0.0,0.0
62400.0,62800.0,62100.0,62100.0,61301.3828125,22157816,0.0,0.0
61200.0,62200.0,61100.0,61900.0,61103.953125,24606419,0.0,0.0
61300.0,61500.0,60200.0,60700.0,59919.3828125,26811224,0.0,0.0
61300.0,61800.0,60500.0,60900.0,60116.8125,23394895,0.0,0.0
59400.0,59900.0,59400.0,59800.0,59030.9609375,29053450,0.0,0.0
59800.0,59900.0,58100.0,58700.0,57945.10546875,34111306,0.0,0.0
58700.0,59200.0,58200.0,58500.0,57747.6796875,25148109,0.0,0.0
59000.0,59100.0,57600.0,57600.0,56859.25390625,23334687,0.0,0.0
57700.0,58000.0,56800.0,57400.0,56661.828125,28338608,0.0,0.0
57900.0,59100.0,57700.0,58400.0,57648.96484375,23256103,0.0,0.0
59000.0,59900.0,58300.0,58800.0,58043.8203125,18122236,0.0,0.0
59200.0,59500.0,58700.0,59400.0,58636.10546875,13540538,0.0,0.0
58500.0,58800.0,58000.0,58000.0,57604.1953125,14677138,361.0,0.0
57200.0,57600.0,57000.0,57000.0,56611.01953125,18915142,0.0,0.0
56900.0,57500.0,55900.0,56200.0,55816.48046875,24982097,0.0,0.0
56100.0,57400.0,55700.0,57100.0,56710.33984375,17807126,0.0,0.0
57600.0,58200.0,57200.0,57200.0,56809.65625,14216539,0.0,0.0
57300.0,57300.0,56400.0,56400.0,56015.1171875,16820461,0.0,0.0
56400.0,58700.0,56300.0,58200.0,57802.83203125,21322833,0.0,0.0
58600.0,59300.0,58200.0,58700.0,58299.41796875,15339271,0.0,0.0
59300.0,59600.0,58700.0,58800.0,58398.73828125,13042624,0.0,0.0
58600.0,58700.0,58100.0,58100.0,57703.515625,9336061,0.0,0.0
58300.0,58600.0,58000.0,58000.0,57604.1953125,10841315,0.0,0.0
57500.0,58200.0,57400.0,57500.0,57107.609375,15067012,0.0,0.0
58400.0,60000.0,58100.0,60000.0,59590.546875,18685583,0.0,0.0
60600.0,62000.0,60500.0,61900.0,61477.58203125,20832517,0.0,0.0
61400.0,61500.0,60200.0,60900.0,60484.40625,15248261,0.0,0.0
61800.0,62100.0,60500.0,60500.0,60087.13671875,16782238,0.0,0.0
61100.0,61900.0,60700.0,61800.0,61378.265625,12291374,0.0,0.0
61800.0,62200.0,61200.0,61300.0,60881.67578125,10261310,0.0,0.0
60900.0,61900.0,60800.0,61100.0,60683.04296875,9193681,0.0,0.0
60800.0,61900.0,60800.0,61700.0,61278.9453125,6597211,0.0,0.0
61300.0,61900.0,61200.0,61800.0,61378.265625,7320997,0.0,0.0
62300.0,62600.0,61600.0,61900.0,61477.58203125,10745302,0.0,0.0
62400.0,62600.0,61300.0,61400.0,60980.99609375,15093120,0.0,0.0
61000.0,61700.0,60300.0,61300.0,60881.67578125,13154816,0.0,0.0
61200.0,61900.0,61000.0,61700.0,61278.9453125,13614895,0.0,0.0
61600.0,61600.0,61000.0,61300.0,60881.67578125,10053861,0.0,0.0
61700.0,61800.0,61200.0,61500.0,61080.3125,9125439,0.0,0.0
61700.0,61900.0,61200.0,61500.0,61080.3125,9567620,0.0,0.0
61400.0,61400.0,60600.0,60800.0,60385.08984375,11313150,0.0,0.0
60600.0,60700.0,59600.0,60000.0,59590.546875,18251170,0.0,0.0
58900.0,59200.0,58600.0,59100.0,58696.69140625,18084349,0.0,0.0
59600.0,60000.0,59300.0,59900.0,59491.23046875,15141941,0.0,0.0
59500.0,60700.0,59400.0,60200.0,59789.18359375,10786658,0.0,0.0
60500.0,61600.0,60300.0,61000.0,60583.72265625,15036727,0.0,0.0
61100.0,61200.0,60300.0,60400.0,59987.8203125,9061518,0.0,0.0
60300.0,61900.0,60000.0,61500.0,61080.3125,16372754,0.0,0.0
61400.0,61600.0,60600.0,60900.0,60484.40625,6923679,0.0,0.0
60300.0,60400.0,59800.0,60000.0,59590.546875,8259865,0.0,0.0
59000.0,59600.0,59000.0,59100.0,58696.69140625,9041629,0.0,0.0
59200.0,59500.0,59000.0,59000.0,58597.37109375,8888486,0.0,0.0
59200.0,59700.0,59000.0,59700.0,59292.59375,5767902,0.0,0.0
60300.0,60900.0,59900.0,60000.0,59590.546875,9499995,0.0,0.0
58700.0,58900.0,58600.0,58600.0,58200.1015625,9841329,0.0,0.0
58700.0,59000.0,58300.0,58800.0,58398.73828125,9690044,0.0,0.0
58200.0,59900.0,58200.0,59700.0,59292.59375,14203512,0.0,0.0
58700.0,58900.0,58300.0,58400.0,58001.46875,14905777,0.0,0.0
58300.0,58600.0,57500.0,57500.0,57107.609375,15040310,0.0,0.0
57400.0,57800.0,56800.0,57100.0,56710.33984375,11425977,0.0,0.0
57200.0,57600.0,56900.0,57100.0,56710.33984375,7503086,0.0,0.0
56700.0,56700.0,55900.0,56000.0,55617.84375,17384854,0.0,0.0
56200.0,56400.0,55600.0,55600.0,55220.57421875,18000016,0.0,0.0
57000.0,58500.0,56800.0,58100.0,57703.515625,17166581,0.0,0.0
56200.0,57200.0,56100.0,56800.0,56412.38671875,12524961,0.0,0.0
57000.0,57100.0,56000.0,56000.0,55617.84375,11664819,0.0,0.0
55600.0,56400.0,55500.0,56200.0,55816.48046875,13456503,0.0,0.0
56300.0,57000.0,56000.0,56400.0,56015.1171875,12278653,0.0,0.0
56400.0,57000.0,55800.0,55800.0,55419.2109375,14041465,0.0,0.0
55400.0,55500.0,55000.0,55300.0,54922.62109375,11863700,0.0,0.0
54600.0,54700.0,54300.0,54400.0,54028.765625,12786510,0.0,0.0
54400.0,54900.0,54200.0,54500.0,54128.08203125,10555964,0.0,0.0
53700.0,54200.0,53600.0,53900.0,53532.17578125,15008449,0.0,0.0
53800.0,54200.0,53500.0,54200.0,53830.12890625,16631289,0.0,0.0
53900.0,54400.0,52500.0,52900.0,52539.0,19991129,0.0,0.0
53300.0,53700.0,52600.0,52600.0,52600.0,13882080,361.0,0.0
52300.0,53600.0,51800.0,53100.0,53100.0,22503249,0.0,0.0
55300.0,55400.0,54500.0,55200.0,55200.0,19148435,0.0,0.0
56900.0,57200.0,55400.0,56000.0,56000.0,22458970,0.0,0.0
56700.0,57300.0,56300.0,56300.0,56300.0,14944446,0.0,0.0
55900.0,56900.0,55200.0,56200.0,56200.0,16886813,0.0,0.0
54400.0,55700.0,54000.0,55400.0,55400.0,21437877,0.0,0.0
55700.0,57000.0,55200.0,55800.0,55800.0,18408910,0.0,0.0
55400.0,56100.0,55200.0,55200.0,55200.0,13784602,0.0,0.0
56200.0,56500.0,55800.0,56300.0,56300.0,12924326,0.0,0.0
55800.0,57000.0,55700.0,56600.0,56600.0,13641878,0.0,0.0
56700.0,57100.0,55800.0,56500.0,56500.0,14820702,0.0,0.0
56700.0,56900.0,55700.0,55800.0,55800.0,12660652,0.0,0.0
55200.0,56000.0,55100.0,55500.0,55500.0,17107653,0.0,0.0
55100.0,56300.0,55100.0,55900.0,55900.0,11456060,0.0,0.0
57000.0,57500.0,56700.0,57500.0,57500.0,16944503,0.0,0.0
57000.0,58600.0,57000.0,57700.0,57700.0,17405678,0.0,0.0
58000.0,59600.0,57700.0,59400.0,59400.0,20824967,0.0,0.0
59700.0,60100.0,58900.0,59500.0,59500.0,21756712,0.0,0.0
58900.0,59200.0,57200.0,57300.0,57300.0,20924937,0.0,0.0
58100.0,59900.0,58000.0,59400.0,59400.0,18999514,0.0,0.0
59900.0,60300.0,59500.0,60000.0,60000.0,17201647,0.0,0.0
59700.0,60000.0,59300.0,59600.0,59600.0,13202919,0.0,0.0
58600.0,59800.0,58100.0,59200.0,59200.0,17492162,0.0,0.0
59100.0,59500.0,58400.0,59400.0,59400.0,12445841,0.0,0.0
59700.0,60300.0,59400.0,60200.0,60200.0,12437246,0.0,0.0
60500.0,61900.0,60500.0,61800.0,61800.0,18273898,0.0,0.0
62000.0,62200.0,61300.0,62000.0,62000.0,14045592,0.0,0.0
61400.0,61500.0,60400.0,60400.0,60400.0,21087633,0.0,0.0
63100.0,63200.0,62300.0,62900.0,62900.0,20037163,0.0,0.0
62900.0,62900.0,61700.0,61900.0,61900.0,15973416,0.0,0.0
62200.0,62500.0,61600.0,62400.0,62400.0,12310986,0.0,0.0
62400.0,62700.0,61700.0,62700.0,62700.0,12909260,0.0,0.0
62000.0,62000.0,61300.0,61400.0,61400.0,13298296,0.0,0.0
61800.0,62400.0,61400.0,61800.0,61800.0,12236503,0.0,0.0
61400.0,61800.0,60800.0,61400.0,61400.0,9378097,0.0,0.0
60900.0,61200.0,60300.0,60600.0,60600.0,9411289,0.0,0.0
61200.0,61300.0,60700.0,61000.0,61000.0,8765050,0.0,0.0
61200.0,61700.0,60900.0,61400.0,61400.0,8125010,0.0,0.0
61400.0,61700.0,60800.0,61000.0,61000.0,6677933,0.0,0.0
60500.0,60500.0,59800.0,60100.0,60100.0,8589032,0.0,0.0
59900.0,60600.0,59800.0,60600.0,60600.0,7014160,0.0,0.0
60400.0,62200.0,60200.0,62200.0,62200.0,19768903,0.0,0.0
63100.0,63200.0,62300.0,62600.0,62600.0,16631445,0.0,0.0
62500.0,62500.0,60400.0,60400.0,60400.0,15331184,0.0,0.0
60900.0,61100.0,60000.0,60300.0,60300.0,13767787,0.0,0.0
59800.0,60100.0,59200.0,59200.0,59200.0,13888300,0.0,0.0
58800.0,59600.0,58500.0,58900.0,58900.0,12100662,0.0,0.0
58700.0,59200.0,58600.0,59200.0,59200.0,12986815,0.0,0.0
59300.0,60600.0,59300.0,60400.0,60400.0,10529632,0.0,0.0
59900.0,60000.0,59400.0,59500.0,59500.0,9036472,0.0,0.0
59600.0,60300.0,59400.0,59700.0,59700.0,9040873,0.0,0.0
59800.0,60600.0,59800.0,60500.0,60500.0,8207485,0.0,0.0
59800.0,60200.0,59300.0,59300.0,59300.0,8716039,0.0,0.0
58300.0,59500.0,58300.0,59500.0,59500.0,13033596,0.0,0.0
59500.0,59900.0,59100.0,59500.0,59500.0,7696187,0.0,0.0
59000.0,59100.0,58500.0,58600.0,58600.0,9284761,0.0,0.0
58700.0,59100.0,58000.0,58000.0,58000.0,10356971,0.0,0.0
58100.0,59100.0,58100.0,59100.0,59100.0,10720630,0.0,0.0
58200.0,58400.0,57700.0,58100.0,58100.0,9829407,0.0,0.0
58000.0,58100.0,57700.0,57900.0,57900.0,6756411,0.0,0.0
58000.0,58400.0,57900.0,58100.0,58100.0,10667027,0.0,0.0
57600.0,57600.0,56400.0,56600.0,56600.0,14665410,0.0,0.0
56000.0,56200.0,55300.0,55300.0,55300.0,11295935,0.0,0.0
55500.0,56100.0,55200.0,55500.0,55500.0,10031448,0.0,0.0
55400.0,56000.0,54500.0,55400.0,55400.0,13547030,0.0,0.0
55700.0,58000.0,55600.0,57800.0,57800.0,20188071,0.0,0.0
58200.0,58800.0,57600.0,58200.0,58200.0,15682826,0.0,0.0
58300.0,59400.0,57900.0,59000.0,59000.0,17334989,0.0,0.0
59700.0,60700.0,59600.0,60700.0,60700.0,18640107,0.0,0.0
60200.0,61100.0,59900.0,60400.0,60400.0,14859797,0.0,0.0
61000.0,61200.0,60300.0,60500.0,60500.0,12310751,0.0,0.0
61100.0,61200.0,59900.0,60500.0,60500.0,16102561,0.0,0.0
60500.0,61200.0,60400.0,60800.0,60800.0,12510328,0.0,0.0
61300.0,61600.0,60800.0,61100.0,61100.0,10039972,0.0,0.0
61200.0,61500.0,60600.0,61000.0,61000.0,9831456,0.0,0.0
60700.0,61000.0,59900.0,60400.0,60400.0,11584041,0.0,0.0
60500.0,61500.0,60400.0,61500.0,61500.0,12808490,0.0,0.0
62100.0,62300.0,61100.0,61800.0,61800.0,9646327,0.0,0.0
63500.0,63700.0,63000.0,63300.0,63300.0,39217,0.0,0.0
63800.0,63900.0,63300.0,63800.0,63800.0,54188,0.0,0.0
64400.0,65000.0,63900.0,64600.0,64600.0,44282,0.0,0.0
